year,scenario,supply_scenario,allocation_scenario,historical_trend_frontier_run_flop,projected_largest_frontier_run_flop,gap_ratio,log10_gap
2024,base_input_case × allocation_base,base_input_case,allocation_base,1e+25,1.394256653541818e+27,139.4256653541818,2.144342725668244
2024,base_input_case × allocation_inference_heavy,base_input_case,allocation_inference_heavy,1e+25,9.875984629254542e+26,98.7598462925454,1.9945804053349119
2024,base_input_case × allocation_training_race,base_input_case,allocation_training_race,1e+25,1.584924230094545e+27,158.49242300945448,2.200008504889168
2024,base_input_case × allocation_rnd_acceleration,base_input_case,allocation_rnd_acceleration,1e+25,1.394256653541818e+27,139.4256653541818,2.144342725668244
2025,base_input_case × allocation_base,base_input_case,allocation_base,5.974398188263824e+25,3.5943391189466087e+27,60.16236289719305,1.7793248849815237
2025,base_input_case × allocation_inference_heavy,base_input_case,allocation_inference_heavy,5.974398188263824e+25,2.4115681176509883e+27,40.36503831278438,1.6060053690335556
2025,base_input_case × allocation_training_race,base_input_case,allocation_training_race,5.974398188263824e+25,4.722798393964993e+27,79.05061305157919,1.897905242312321
2025,base_input_case × allocation_rnd_acceleration,base_input_case,allocation_rnd_acceleration,5.974398188263824e+25,3.54245288142321e+27,59.293886510310685,1.7730099177874143
2026,base_input_case × allocation_base,base_input_case,allocation_base,3.5693433711930066e+26,6.522982554087957e+27,18.27502113339052,1.2618578878520366
2026,base_input_case × allocation_inference_heavy,base_input_case,allocation_inference_heavy,3.5693433711930066e+26,4.1218083725078475e+27,11.54780569942809,1.0624994679367643
2026,base_input_case × allocation_training_race,base_input_case,allocation_training_race,3.5693433711930066e+26,1.0001906582934866e+28,28.0216990711988,1.4474944648139483
2026,base_input_case × allocation_rnd_acceleration,base_input_case,allocation_rnd_acceleration,3.5693433711930066e+26,6.341213375332066e+27,17.76577010357117,1.2495840378586993
2027,base_input_case × allocation_base,base_input_case,allocation_base,2.1324678570146992e+27,1.002483834475544e+28,4.70105015265716,0.6721948844377894
2027,base_input_case × allocation_inference_heavy,base_input_case,allocation_inference_heavy,2.1324678570146992e+27,5.92480322518682e+27,2.7783786778765873,0.4437914374074882
2027,base_input_case × allocation_training_race,base_input_case,allocation_training_race,2.1324678570146992e+27,1.8143169709926657e+28,8.50806245460871,0.9298306692410792
2027,base_input_case × allocation_rnd_acceleration,base_input_case,allocation_rnd_acceleration,2.1324678570146992e+27,9.626045049833754e+27,4.514039927105641,0.6545653961340716
2028,base_input_case × allocation_base,base_input_case,allocation_base,1.274021210147279e+28,1.4130625218119698e+28,1.1091357903284966,0.04498471962094905
2028,base_input_case × allocation_inference_heavy,base_input_case,allocation_inference_heavy,1.274021210147279e+28,7.74446557959462e+27,0.6078757180737475,-0.21618520439842062
2028,base_input_case × allocation_training_race,base_input_case,allocation_training_race,1.274021210147279e+28,3.060656210619065e+28,2.4023589138404127,0.3806378917662768
2028,base_input_case × allocation_rnd_acceleration,base_input_case,allocation_rnd_acceleration,1.274021210147279e+28,1.3432816565373043e+28,1.0543636525344964,0.022990425914781
2029,base_input_case × allocation_base,base_input_case,allocation_base,7.611510009713589e+28,1.880274261399727e+28,0.24703038674325797,-0.6072496217070136
2029,base_input_case × allocation_inference_heavy,base_input_case,allocation_inference_heavy,7.611510009713589e+28,9.452476826171274e+27,0.1241866175582545,-0.9059252015325597
2029,base_input_case × allocation_training_race,base_input_case,allocation_training_race,7.611510009713589e+28,4.9591160428515165e+28,0.6515285451274236,-0.18606655198554933
2029,base_input_case × allocation_rnd_acceleration,base_input_case,allocation_rnd_acceleration,7.611510009713589e+28,1.776146198246373e+28,0.2333500443380757,-0.631992112259949
2030,base_input_case × allocation_base,base_input_case,allocation_base,4.547419161198483e+29,2.3875986948934406e+28,0.05250447804033494,-1.2798036545888891
2030,base_input_case × allocation_inference_heavy,base_input_case,allocation_inference_heavy,4.547419161198483e+29,1.0851967679220536e+28,0.023864014498193906,-1.622256495797364
2030,base_input_case × allocation_training_race,base_input_case,allocation_training_race,4.547419161198483e+29,7.840756207921668e+28,0.17242211307072952,-0.7634070368364719
2030,base_input_case × allocation_rnd_acceleration,base_input_case,allocation_rnd_acceleration,4.547419161198483e+29,2.2549543229549157e+28,0.04958756259364965,-1.3046272383139212
2031,base_input_case × allocation_base,base_input_case,allocation_base,2.716809279794042e+30,3.062513689565376e+28,0.011272464770871002,-1.947981113292648
2031,base_input_case × allocation_inference_heavy,base_input_case,allocation_inference_heavy,2.716809279794042e+30,1.3524591879356538e+28,0.004978116049567462,-2.3029349833603474
2031,base_input_case × allocation_training_race,base_input_case,allocation_training_race,2.716809279794042e+30,1.075831159103772e+29,0.039599068182854906,-1.4023150334635175
2031,base_input_case × allocation_rnd_acceleration,base_input_case,allocation_rnd_acceleration,2.716809279794042e+30,2.9616605483623995e+28,0.010901245701674427,-1.9625238717427154
2032,base_input_case × allocation_base,base_input_case,allocation_base,1.623130043905987e+31,3.725648204065915e+28,0.0022953479408836003,-2.639151472500461
2032,base_input_case × allocation_inference_heavy,base_input_case,allocation_inference_heavy,1.623130043905987e+31,1.5947442787194156e+28,0.000982511712297394,-3.0076622637964947
2032,base_input_case × allocation_training_race,base_input_case,allocation_training_race,1.623130043905987e+31,1.4038682961119533e+29,0.008649142447844841,-2.0630269501804253
2032,base_input_case × allocation_rnd_acceleration,base_input_case,allocation_rnd_acceleration,1.623130043905987e+31,3.6945582952731974e+28,0.002276193647665109,-2.6427907930085697
2033,base_input_case × allocation_base,base_input_case,allocation_base,9.69722519362851e+31,4.371497772495178e+28,0.0004507988300990925,-3.346017219693739
2033,base_input_case × allocation_inference_heavy,base_input_case,allocation_inference_heavy,9.69722519362851e+31,1.8086397601627742e+28,0.00018651106105601502,-3.729295407216447
2033,base_input_case × allocation_training_race,base_input_case,allocation_training_race,9.69722519362851e+31,1.772315467128448e+29,0.0018276521703269658,-2.7381064535044146
2033,base_input_case × allocation_rnd_acceleration,base_input_case,allocation_rnd_acceleration,9.69722519362851e+31,4.452383811776794e+28,0.00045913998312653397,-3.3380548860727295
2034,base_input_case × allocation_base,base_input_case,allocation_base,5.793508462797016e+32,4.993463425969162e+28,8.619066422418576e-05,-4.064539772406071
2034,base_input_case × allocation_inference_heavy,base_input_case,allocation_inference_heavy,5.793508462797016e+32,1.9904758219068835e+28,3.4357002059955786e-05,-4.4639847390672625
2034,base_input_case × allocation_training_race,base_input_case,allocation_training_race,5.793508462797016e+32,2.1857001206048728e+29,0.00037726709724173786,-3.423351069459625
2034,base_input_case × allocation_rnd_acceleration,base_input_case,allocation_rnd_acceleration,5.793508462797016e+32,5.233048792366672e+28,9.03260748814068e-05,-4.04418686161949
2035,base_input_case × allocation_base,base_input_case,allocation_base,3.4612726463825627e+33,5.583714013005552e+28,1.613196816159857e-05,-4.79231264379656
2035,base_input_case × allocation_inference_heavy,base_input_case,allocation_inference_heavy,3.4612726463825627e+33,2.1363775354108205e+28,6.172231296611628e-06,-5.209557807663984
2035,base_input_case × allocation_training_race,base_input_case,allocation_training_race,3.4612726463825627e+33,2.6489694180954286e+29,7.653166013558376e-05,-4.11615886579111
2035,base_input_case × allocation_rnd_acceleration,base_input_case,allocation_rnd_acceleration,3.4612726463825627e+33,6.033449889971441e+28,1.7431304916927322e-05,-4.758670100152891
2036,base_input_case × allocation_base,base_input_case,allocation_base,2.0679021027635115e+34,6.1330416195982535e+28,2.965827836531601e-06,-5.527854062955115
2036,base_input_case × allocation_inference_heavy,base_input_case,allocation_inference_heavy,2.0679021027635115e+34,2.2423456324684734e+28,1.0843577311865192e-06,-5.964827419780441
2036,base_input_case × allocation_training_race,base_input_case,allocation_training_race,2.0679021027635115e+34,3.167507309738688e+29,1.5317491604199646e-05,-4.814812349040778
2036,base_input_case × allocation_rnd_acceleration,base_input_case,allocation_rnd_acceleration,2.0679021027635115e+34,6.849244393489328e+28,3.3121705250631094e-06,-5.479887311927168
2037,base_input_case × allocation_base,base_input_case,allocation_base,1.2354470576257277e+35,6.563253291946526e+28,5.31245208075507e-07,-6.274704974335987
2037,base_input_case × allocation_inference_heavy,base_input_case,allocation_inference_heavy,1.2354470576257277e+35,2.280929574064133e+28,1.8462382179675147e-07,-6.733712263183323
2037,base_input_case × allocation_training_race,base_input_case,allocation_training_race,1.2354470576257277e+35,3.709023941445865e+29,3.0021714961819873e-06,-5.5225645027262695
2037,base_input_case × allocation_rnd_acceleration,base_input_case,allocation_rnd_acceleration,1.2354470576257277e+35,7.596507822082524e+28,6.148792678078356e-07,-6.2112101500330015
2038,base_input_case × allocation_base,base_input_case,allocation_base,7.38105266277502e+35,6.739596154902834e+28,9.130941700081273e-08,-7.0394844301262935
2038,base_input_case × allocation_inference_heavy,base_input_case,allocation_inference_heavy,7.38105266277502e+35,2.212033487256438e+28,2.9969078779405294e-08,-7.52332660664294
2038,base_input_case × allocation_training_race,base_input_case,allocation_training_race,7.38105266277502e+35,4.1921892749246794e+29,5.679663140824363e-07,-6.245677421405083
2038,base_input_case × allocation_rnd_acceleration,base_input_case,allocation_rnd_acceleration,7.38105266277502e+35,8.11102560502841e+28,1.0988982162307112e-07,-6.959042531576925
2039,base_input_case × allocation_base,base_input_case,allocation_base,4.4097347655962956e+36,6.864537254940654e+28,1.5566780361703714e-08,-7.8078012021869405
2039,base_input_case × allocation_inference_heavy,base_input_case,allocation_inference_heavy,4.4097347655962956e+36,2.1108941961002536e+28,4.7868960568081084e-09,-8.319946002734214
2039,base_input_case × allocation_training_race,base_input_case,allocation_training_race,4.4097347655962956e+36,4.732630660931192e+29,1.0732234278247422e-07,-6.969309855508154
2039,base_input_case × allocation_rnd_acceleration,base_input_case,allocation_rnd_acceleration,4.4097347655962956e+36,8.623787563421613e+28,1.9556250028238335e-08,-7.70871441888263
2040,base_input_case × allocation_base,base_input_case,allocation_base,2.634551139428872e+37,6.925413711748757e+28,2.6286882832155142e-09,-8.580260910624629
2040,base_input_case × allocation_inference_heavy,base_input_case,allocation_inference_heavy,2.634551139428872e+37,1.9751625559354746e+28,7.497150183858864e-10,-9.125103789224864
2040,base_input_case × allocation_training_race,base_input_case,allocation_training_race,2.634551139428872e+37,5.33602509251943e+29,2.025401979358121e-08,-7.693488769934829
2040,base_input_case × allocation_rnd_acceleration,base_input_case,allocation_rnd_acceleration,2.634551139428872e+37,9.125251008421893e+28,3.4636833849427954e-09,-8.46046181366874
2024,capex_rich × allocation_base,capex_rich,allocation_base,1e+25,1.533682318895999e+27,153.3682318895999,2.185735410826469
2024,capex_rich × allocation_inference_heavy,capex_rich,allocation_inference_heavy,1e+25,1.0863583092179992e+27,108.63583092179991,2.035973090493137
2024,capex_rich × allocation_training_race,capex_rich,allocation_training_race,1e+25,1.743416653103999e+27,174.3416653103999,2.241401190047393
2024,capex_rich × allocation_rnd_acceleration,capex_rich,allocation_rnd_acceleration,1e+25,1.533682318895999e+27,153.3682318895999,2.185735410826469
2025,capex_rich × allocation_base,capex_rich,allocation_base,5.974398188263824e+25,4.39210913959125e+27,73.51550735635865,1.8663789587975375
2025,capex_rich × allocation_inference_heavy,capex_rich,allocation_inference_heavy,5.974398188263824e+25,2.9468199910379996e+27,49.32413103677566,1.6930594428495696
2025,capex_rich × allocation_training_race,capex_rich,allocation_training_race,5.974398188263824e+25,5.771031976709999e+27,96.59603854404415,1.984959316128335
2025,capex_rich × allocation_rnd_acceleration,capex_rich,allocation_rnd_acceleration,5.974398188263824e+25,4.3287066584941663e+27,72.45427107616507,1.860063991603428
2026,capex_rich × allocation_base,capex_rich,allocation_base,3.5693433711930066e+26,8.993816067599999e+27,25.197396642155873,1.4013556724342697
2026,capex_rich × allocation_inference_heavy,capex_rich,allocation_inference_heavy,3.5693433711930066e+26,5.683103712273e+27,15.921986542789513,1.2019972525189975
2026,capex_rich × allocation_training_race,capex_rich,allocation_training_race,3.5693433711930066e+26,1.3790517970319996e+28,38.636008184638996,1.5869922493961814
2026,capex_rich × allocation_rnd_acceleration,capex_rich,allocation_rnd_acceleration,3.5693433711930066e+26,8.743194738026665e+27,24.49524696500232,1.3890818224409327
2027,capex_rich × allocation_base,capex_rich,allocation_base,2.1324678570146992e+27,1.6103082769478918e+28,7.551383584286269,0.8780265314927288
2027,capex_rich × allocation_inference_heavy,capex_rich,allocation_inference_heavy,2.1324678570146992e+27,9.517120720253022e+27,4.462960925271015,0.6496230844624276
2027,capex_rich × allocation_training_race,capex_rich,allocation_training_race,2.1324678570146992e+27,2.9143708206776e+28,13.666657675945036,1.1356623162960187
2027,capex_rich × allocation_rnd_acceleration,capex_rich,allocation_rnd_acceleration,2.1324678570146992e+27,1.546249374298387e+28,7.2509856090540294,0.860397043189011
2028,capex_rich × allocation_base,capex_rich,allocation_base,1.274021210147279e+28,2.455488381897718e+28,1.927352827676911,0.28496122533878887
2028,capex_rich × allocation_inference_heavy,capex_rich,allocation_inference_heavy,1.274021210147279e+28,1.3457610658526685e+28,1.0563097812924922,0.02379130131941913
2028,capex_rich × allocation_training_race,capex_rich,allocation_training_race,1.274021210147279e+28,5.3185231722947435e+28,4.174595469788069,0.6206143974841166
2028,capex_rich × allocation_rnd_acceleration,capex_rich,allocation_rnd_acceleration,1.274021210147279e+28,2.334229696371904e+28,1.8321749102607665,0.26296693163262086
2029,capex_rich × allocation_base,capex_rich,allocation_base,7.611510009713589e+28,3.4596804203723246e+28,0.45453272950533874,-0.3424348391047426
2029,capex_rich × allocation_inference_heavy,capex_rich,allocation_inference_heavy,7.611510009713589e+28,1.7392435598827602e+28,0.2285017766071631,-0.6411104189302888
2029,capex_rich × allocation_training_race,capex_rich,allocation_training_race,7.611510009713589e+28,9.124709638388376e+28,1.1988041304213863,0.07874823061672172
2029,capex_rich × allocation_rnd_acceleration,capex_rich,allocation_rnd_acceleration,7.611510009713589e+28,3.2680861254875075e+28,0.42936107570204474,-0.3671773296576779
2030,capex_rich × allocation_base,capex_rich,allocation_base,4.547419161198483e+29,4.6632886645703165e+28,0.1025480277771732,-0.9890726876479029
2030,capex_rich × allocation_inference_heavy,capex_rich,allocation_inference_heavy,4.547419161198483e+29,2.119529465945328e+28,0.046609502902888796,-1.3315255288563779
2030,capex_rich × allocation_training_race,capex_rich,allocation_training_race,4.547419161198483e+29,1.5314009688588936e+29,0.3367626591200995,-0.4726760698954859
2030,capex_rich × allocation_rnd_acceleration,capex_rich,allocation_rnd_acceleration,4.547419161198483e+29,4.404217072094187e+28,0.09685091512288578,-1.0138962713729351
2031,capex_rich × allocation_base,capex_rich,allocation_base,2.716809279794042e+30,6.216913408872633e+28,0.022883142571361984,-1.64048433356423
2031,capex_rich × allocation_inference_heavy,capex_rich,allocation_inference_heavy,2.716809279794042e+30,2.745496841068298e+28,0.010105592841895885,-1.9954382036319298
2031,capex_rich × allocation_training_race,capex_rich,allocation_training_race,2.716809279794042e+30,2.1839409833509744e+29,0.08038624571823225,-1.0948182537350997
2031,capex_rich × allocation_rnd_acceleration,capex_rich,allocation_rnd_acceleration,2.716809279794042e+30,6.0121811825292825e+28,0.022129566573716425,-1.6550270920142975
2032,capex_rich × allocation_base,capex_rich,allocation_base,1.623130043905987e+31,7.791987405390105e+28,0.004800593418035101,-2.3187050746559272
2032,capex_rich × allocation_inference_heavy,capex_rich,allocation_inference_heavy,1.623130043905987e+31,3.3353195615835357e+28,0.0020548689700532214,-2.687215865951961
2032,capex_rich × allocation_training_race,capex_rich,allocation_training_race,1.623130043905987e+31,2.9361129883902672e+29,0.018089203631057482,-1.742580552335892
2032,capex_rich × allocation_rnd_acceleration,capex_rich,allocation_rnd_acceleration,1.623130043905987e+31,7.7269645786285205e+28,0.004760533271896033,-2.322344395164036
2033,capex_rich × allocation_base,capex_rich,allocation_base,9.69722519362851e+31,9.378901780049646e+28,0.000967173762883426,-3.014495493360583
2033,capex_rich × allocation_inference_heavy,capex_rich,allocation_inference_heavy,9.69722519362851e+31,3.880375914357833e+28,0.00040015322289384443,-3.397773680883291
2033,capex_rich × allocation_training_race,capex_rich,allocation_training_race,9.69722519362851e+31,3.8024433625578046e+29,0.003921166402380933,-2.406584727171259
2033,capex_rich × allocation_rnd_acceleration,capex_rich,allocation_rnd_acceleration,9.69722519362851e+31,9.552440063100513e+28,0.0009850694268064304,-3.0065331597395737
2034,capex_rich × allocation_base,capex_rich,allocation_base,5.793508462797016e+32,1.0964755574179584e+29,0.00018925933472937348,-3.722942690842536
2034,capex_rich × allocation_inference_heavy,capex_rich,allocation_inference_heavy,5.793508462797016e+32,4.370730092868808e+28,7.544185222021212e-05,-4.122387657503727
2034,capex_rich × allocation_training_race,capex_rich,allocation_training_race,5.793508462797016e+32,4.799407853124681e+29,0.0008284112958398272,-3.08175398789609
2034,capex_rich × allocation_rnd_acceleration,capex_rich,allocation_rnd_acceleration,5.793508462797016e+32,1.1490842331526583e+29,0.00019833995937547976,-3.7025897800559555
2035,capex_rich × allocation_base,capex_rich,allocation_base,3.4612726463825627e+33,1.1981228552641413e+29,3.461509617037308e-05,-4.460734457459902
2035,capex_rich × allocation_inference_heavy,capex_rich,allocation_inference_heavy,3.4612726463825627e+33,4.584122228836715e+28,1.3244036795621004e-05,-4.877979621327326
2035,capex_rich × allocation_training_race,capex_rich,allocation_training_race,3.4612726463825627e+33,5.684013893482925e+29,0.00016421745624180714,-3.7845806794544528
2035,capex_rich × allocation_rnd_acceleration,capex_rich,allocation_rnd_acceleration,3.4612726463825627e+33,1.2946247233343958e+29,3.740314201157863e-05,-4.427091913816233
2036,capex_rich × allocation_base,capex_rich,allocation_base,2.0679021027635115e+34,1.219190734283754e+29,5.895785553167371e-06,-5.229458321412541
2036,capex_rich × allocation_inference_heavy,capex_rich,allocation_inference_heavy,2.0679021027635115e+34,4.457571279854266e+28,2.15560072882427e-06,-5.666431678237867
2036,capex_rich × allocation_training_race,capex_rich,allocation_training_race,2.0679021027635115e+34,6.296705292964306e+29,3.0449726244532993e-05,-4.516416607498204
2036,capex_rich × allocation_rnd_acceleration,capex_rich,allocation_rnd_acceleration,2.0679021027635115e+34,1.3615650796666437e+29,6.584282098495232e-06,-5.181491570384594
2037,capex_rich × allocation_base,capex_rich,allocation_base,1.2354470576257277e+35,1.2329862311491146e+29,9.980081489842694e-07,-6.000865912575903
2037,capex_rich × allocation_inference_heavy,capex_rich,allocation_inference_heavy,1.2354470576257277e+35,4.285001102262509e+28,3.4683810008802725e-07,-6.459873201423239
2037,capex_rich × allocation_training_race,capex_rich,allocation_training_race,1.2354470576257277e+35,6.967848485166203e+29,5.639940976958543e-06,-5.248725440966186
2037,capex_rich × allocation_rnd_acceleration,capex_rich,allocation_rnd_acceleration,1.2354470576257277e+35,1.4270955474074688e+29,1.1551248097591891e-06,-5.937371088272918
2038,capex_rich × allocation_base,capex_rich,allocation_base,7.38105266277502e+35,1.2381747245330259e+29,1.6775042546133455e-07,-6.775336369667015
2038,capex_rich × allocation_inference_heavy,capex_rich,allocation_inference_heavy,7.38105266277502e+35,4.063869541721903e+28,5.5058129610933155e-08,-7.259178546183661
2038,capex_rich × allocation_training_race,capex_rich,allocation_training_race,7.38105266277502e+35,7.701741590101261e+29,1.0434475869469916e-06,-5.981529360945805
2038,capex_rich × allocation_rnd_acceleration,capex_rich,allocation_rnd_acceleration,7.38105266277502e+35,1.4901288835949786e+29,2.0188568645637355e-07,-6.694894471117646
2039,capex_rich × allocation_base,capex_rich,allocation_base,4.4097347655962956e+36,1.2332988470766794e+29,2.7967642333017043e-08,-7.553344143028467
2039,capex_rich × allocation_inference_heavy,capex_rich,allocation_inference_heavy,4.4097347655962956e+36,3.7924819717127517e+28,8.600249614332354e-09,-8.065488943575742
2039,capex_rich × allocation_training_race,capex_rich,allocation_training_race,4.4097347655962956e+36,8.502755132642432e+29,1.9281783564351556e-07,-6.714852796349681
2039,capex_rich × allocation_rnd_acceleration,capex_rich,allocation_rnd_acceleration,4.4097347655962956e+36,1.5493698794841827e+29,3.5135217010601156e-08,-7.454257359724157
2040,capex_rich × allocation_base,capex_rich,allocation_base,2.634551139428872e+37,1.2167792089529355e+29,4.618544657351816e-09,-8.335494852766962
2040,capex_rich × allocation_inference_heavy,capex_rich,allocation_inference_heavy,2.634551139428872e+37,3.4703150344468753e+28,1.3172319878365252e-09,-8.880337731367197
2040,capex_rich × allocation_training_race,capex_rich,allocation_training_race,2.634551139428872e+37,9.375272960247883e+29,3.558584542139612e-08,-7.448722712077163
2040,capex_rich × allocation_rnd_acceleration,capex_rich,allocation_rnd_acceleration,2.634551139428872e+37,1.6032855459144567e+29,6.085611783804748e-09,-8.215695755811073
2024,chip_bottleneck × allocation_base,chip_bottleneck,allocation_base,1e+25,1.344461773058183e+27,134.44617730581828,2.1285484584850125
2024,chip_bottleneck × allocation_inference_heavy,chip_bottleneck,allocation_inference_heavy,1e+25,9.523270892495461e+26,95.23270892495461,1.9787861381516805
2024,chip_bottleneck × allocation_training_race,chip_bottleneck,allocation_training_race,1e+25,1.5283197933054554e+27,152.83197933054552,2.1842142377059366
2024,chip_bottleneck × allocation_rnd_acceleration,chip_bottleneck,allocation_rnd_acceleration,1e+25,1.344461773058183e+27,134.44617730581828,2.1285484584850125
2025,chip_bottleneck × allocation_base,chip_bottleneck,allocation_base,5.974398188263824e+25,3.36707918926119e+27,56.35846629499049,1.7509591659723516
2025,chip_bottleneck × allocation_inference_heavy,chip_bottleneck,allocation_inference_heavy,5.974398188263824e+25,2.2590914640263915e+27,37.812870733393304,1.5776396500243834
2025,chip_bottleneck × allocation_training_race,chip_bottleneck,allocation_training_race,5.974398188263824e+25,4.424189165561011e+27,74.05246564000268,1.8695395233031489
2025,chip_bottleneck × allocation_rnd_acceleration,chip_bottleneck,allocation_rnd_acceleration,5.974398188263824e+25,3.318473572263844e+27,55.544901221727926,1.7446441987782422
2026,chip_bottleneck × allocation_base,chip_bottleneck,allocation_base,3.5693433711930066e+26,5.930724907563785e+27,16.615730936476186,1.2205194509229391
2026,chip_bottleneck × allocation_inference_heavy,chip_bottleneck,allocation_inference_heavy,3.5693433711930066e+26,3.747566604132238e+27,10.49931658124464,1.0211610310076669
2026,chip_bottleneck × allocation_training_race,chip_bottleneck,allocation_training_race,3.5693433711930066e+26,9.093778191597802e+27,25.47745410259682,1.4061560278848508
2026,chip_bottleneck × allocation_rnd_acceleration,chip_bottleneck,allocation_rnd_acceleration,3.5693433711930066e+26,5.765459557405923e+27,16.152717622902426,1.208245600929602
2027,chip_bottleneck × allocation_base,chip_bottleneck,allocation_base,2.1324678570146992e+27,8.745760554655989e+27,4.101239099987852,0.6129150891554161
2027,chip_bottleneck × allocation_inference_heavy,chip_bottleneck,allocation_inference_heavy,2.1324678570146992e+27,5.168852460154215e+27,2.4238829406743014,0.3845116421251148
2027,chip_bottleneck × allocation_training_race,chip_bottleneck,allocation_training_race,2.1324678570146992e+27,1.5828267003279727e+28,7.422511411467724,0.8705508739587058
2027,chip_bottleneck × allocation_rnd_acceleration,chip_bottleneck,allocation_rnd_acceleration,2.1324678570146992e+27,8.39784964095911e+27,3.9380896707702275,0.5952856008516982
2028,chip_bottleneck × allocation_base,chip_bottleneck,allocation_base,1.274021210147279e+28,1.1303438766801372e+28,0.8872253206439692,-0.05196607229280572
2028,chip_bottleneck × allocation_inference_heavy,chip_bottleneck,allocation_inference_heavy,1.274021210147279e+28,6.194990745936515e+27,0.48625491448610686,-0.31313599631217537
2028,chip_bottleneck × allocation_training_race,chip_bottleneck,allocation_training_race,1.274021210147279e+28,2.4482950703837616e+28,1.9217066802998788,0.28368709985252205
2028,chip_bottleneck × allocation_rnd_acceleration,chip_bottleneck,allocation_rnd_acceleration,1.274021210147279e+28,1.0745244259798834e+28,0.8434117245627855,-0.07396036599897364
2029,chip_bottleneck × allocation_base,chip_bottleneck,allocation_base,7.611510009713589e+28,1.3773219892547908e+28,0.18095252945829307,-0.7424353416958708
2029,chip_bottleneck × allocation_inference_heavy,chip_bottleneck,allocation_inference_heavy,7.611510009713589e+28,6.924045312365897e+27,0.09096809047783726,-1.041110921521417
2029,chip_bottleneck × allocation_training_race,chip_bottleneck,allocation_training_race,7.611510009713589e+28,3.6326081323907172e+28,0.47725196810552545,-0.3212522719744064
2029,chip_bottleneck × allocation_rnd_acceleration,chip_bottleneck,allocation_rnd_acceleration,7.611510009713589e+28,1.3010470148939432e+28,0.17093152518141402,-0.7671778322488061
2030,chip_bottleneck × allocation_base,chip_bottleneck,allocation_base,4.547419161198483e+29,1.519818268078256e+28,0.03342155658414617,-1.4759733270290252
2030,chip_bottleneck × allocation_inference_heavy,chip_bottleneck,allocation_inference_heavy,4.547419161198483e+29,6.907785114286242e+27,0.01519056165578033,-1.8184261682375003
2030,chip_bottleneck × allocation_training_race,chip_bottleneck,allocation_training_race,4.547419161198483e+29,4.991008139615014e+28,0.1097547413750973,-0.959576709276608
2030,chip_bottleneck × allocation_rnd_acceleration,chip_bottleneck,allocation_rnd_acceleration,4.547419161198483e+29,1.4353839198516863e+28,0.031564803440582496,-1.5007969107540573
2031,chip_bottleneck × allocation_base,chip_bottleneck,allocation_base,2.716809279794042e+30,1.769432594027442e+28,0.006512906913221309,-2.1862251290059
2031,chip_bottleneck × allocation_inference_heavy,chip_bottleneck,allocation_inference_heavy,2.716809279794042e+30,7.814121378065912e+27,0.002876212708850248,-2.5411789990736002
2031,chip_bottleneck × allocation_training_race,chip_bottleneck,allocation_training_race,2.716809279794042e+30,6.2158439489578e+28,0.022879206115745513,-1.6405590491767699
2031,chip_bottleneck × allocation_rnd_acceleration,chip_bottleneck,allocation_rnd_acceleration,2.716809279794042e+30,1.7111625409456792e+28,0.006298427179530984,-2.2007678874559677
2032,chip_bottleneck × allocation_base,chip_bottleneck,allocation_base,1.623130043905987e+31,1.9902233076206633e+28,0.001226163803136367,-2.9114515085726467
2032,chip_bottleneck × allocation_inference_heavy,chip_bottleneck,allocation_inference_heavy,1.623130043905987e+31,8.519047047271698e+27,0.0005248530195874514,-3.2799622998686804
2032,chip_bottleneck × allocation_training_race,chip_bottleneck,allocation_training_race,1.623130043905987e+31,7.499396751154672e+28,0.0046203301943125415,-2.3353269862526114
2032,chip_bottleneck × allocation_rnd_acceleration,chip_bottleneck,allocation_rnd_acceleration,1.623130043905987e+31,1.9736152282417406e+28,0.001215931672050335,-2.9150908290807553
2033,chip_bottleneck × allocation_base,chip_bottleneck,allocation_base,9.69722519362851e+31,2.186050754092445e+28,0.0002254305443508493,-3.646987240267241
2033,chip_bottleneck × allocation_inference_heavy,chip_bottleneck,allocation_inference_heavy,9.69722519362851e+31,9.044447732449973e+27,9.326840979616066e-05,-4.030265427789948
2033,chip_bottleneck × allocation_training_race,chip_bottleneck,allocation_training_race,9.69722519362851e+31,8.862801184030846e+28,0.0009139522912032695,-3.0390764740779166
2033,chip_bottleneck × allocation_rnd_acceleration,chip_bottleneck,allocation_rnd_acceleration,9.69722519362851e+31,2.226499359208902e+28,0.00022960169685157014,-3.6390249066462315
2034,chip_bottleneck × allocation_base,chip_bottleneck,allocation_base,5.793508462797016e+32,2.35171070572848e+28,4.05921683006071e-05,-4.391557749475088
2034,chip_bottleneck × allocation_inference_heavy,chip_bottleneck,allocation_inference_heavy,5.793508462797016e+32,9.374301763236791e+27,1.6180699179838644e-05,-4.791002716136279
2034,chip_bottleneck × allocation_training_race,chip_bottleneck,allocation_training_race,5.793508462797016e+32,1.0293725886539121e+29,0.00017767689393465512,-3.750369046528642
2034,chip_bottleneck × allocation_rnd_acceleration,chip_bottleneck,allocation_rnd_acceleration,5.793508462797016e+32,2.4645453102962606e+28,4.253977233523219e-05,-4.371204838688508
2035,chip_bottleneck × allocation_base,chip_bottleneck,allocation_base,3.4612726463825627e+33,2.481539446228983e+28,7.169442282515605e-06,-5.144514627183901
2035,chip_bottleneck × allocation_inference_heavy,chip_bottleneck,allocation_inference_heavy,3.4612726463825627e+33,9.494585707310889e+27,2.74309096026684e-06,-5.561759791051325
2035,chip_bottleneck × allocation_training_race,chip_bottleneck,allocation_training_race,3.4612726463825627e+33,1.1772669745526065e+29,3.4012546679412526e-05,-4.4683608491784526
2035,chip_bottleneck × allocation_rnd_acceleration,chip_bottleneck,allocation_rnd_acceleration,3.4612726463825627e+33,2.6814130995851123e+28,7.746899402413458e-06,-5.110872083540232
2036,chip_bottleneck × allocation_base,chip_bottleneck,allocation_base,2.0679021027635115e+34,2.569527032332946e+28,1.2425767297683342e-06,-5.905676783853304
2036,chip_bottleneck × allocation_inference_heavy,chip_bottleneck,allocation_inference_heavy,2.0679021027635115e+34,9.394633325248632e+27,4.5430745066189517e-07,-6.3426501406786295
2036,chip_bottleneck × allocation_training_race,chip_bottleneck,allocation_training_race,2.0679021027635115e+34,1.3270732798351551e+29,6.417486002174259e-06,-5.192635069938967
2036,chip_bottleneck × allocation_rnd_acceleration,chip_bottleneck,allocation_rnd_acceleration,2.0679021027635115e+34,2.8695906063782025e+28,1.387682038982081e-06,-5.857710032825357
2037,chip_bottleneck × allocation_base,chip_bottleneck,allocation_base,1.2354470576257277e+35,2.644282489396305e+28,2.140344641297755e-07,-6.6695162903131
2037,chip_bottleneck × allocation_inference_heavy,chip_bottleneck,allocation_inference_heavy,1.2354470576257277e+35,9.18968362785091e+27,7.438346767777788e-08,-7.1285235791604356
2037,chip_bottleneck × allocation_training_race,chip_bottleneck,allocation_training_race,1.2354470576257277e+35,1.4943362117612558e+29,1.2095509900950827e-06,-5.917375818703382
2037,chip_bottleneck × allocation_rnd_acceleration,chip_bottleneck,allocation_rnd_acceleration,1.2354470576257277e+35,3.0605725119801663e+28,2.4772996083393085e-07,-6.606021466010114
2038,chip_bottleneck × allocation_base,chip_bottleneck,allocation_base,7.38105266277502e+35,2.7021275718894913e+28,3.6608972938469523e-08,-7.436412455041225
2038,chip_bottleneck × allocation_inference_heavy,chip_bottleneck,allocation_inference_heavy,7.38105266277502e+35,8.868775722578377e+27,1.2015597405647048e-08,-7.920254631557872
2038,chip_bottleneck × allocation_training_race,chip_bottleneck,allocation_training_race,7.38105266277502e+35,1.6807876860860226e+29,2.2771652809940862e-07,-6.642605446320015
2038,chip_bottleneck × allocation_rnd_acceleration,chip_bottleneck,allocation_rnd_acceleration,7.38105266277502e+35,3.251979112680958e+28,4.4058473245716236e-08,-7.355970556491856
2039,chip_bottleneck × allocation_base,chip_bottleneck,allocation_base,4.4097347655962956e+36,2.7388772987731793e+28,6.210979671932313e-09,-8.206839892165183
2039,chip_bottleneck × allocation_inference_heavy,chip_bottleneck,allocation_inference_heavy,4.4097347655962956e+36,8.422243159434973e+27,1.9099205750747905e-09,-8.718984692712459
2039,chip_bottleneck × allocation_training_race,chip_bottleneck,allocation_training_race,4.4097347655962956e+36,1.8882692597193006e+29,4.282047243410487e-08,-7.368348545486397
2039,chip_bottleneck × allocation_rnd_acceleration,chip_bottleneck,allocation_rnd_acceleration,4.4097347655962956e+36,3.440799446444569e+28,7.802735605072826e-09,-8.107753108860873
2040,chip_bottleneck × allocation_base,chip_bottleneck,allocation_base,2.634551139428872e+37,2.749807253652417e+28,1.043747913068991e-09,-8.981404379861422
2040,chip_bottleneck × allocation_inference_heavy,chip_bottleneck,allocation_inference_heavy,2.634551139428872e+37,7.842587532698516e+27,2.976821142442755e-10,-9.526247258461659
2040,chip_bottleneck × allocation_training_race,chip_bottleneck,allocation_training_race,2.634551139428872e+37,2.118724038130583e+29,8.042068367630504e-09,-8.094632239171624
2040,chip_bottleneck × allocation_rnd_acceleration,chip_bottleneck,allocation_rnd_acceleration,2.634551139428872e+37,3.6232754401067154e+28,1.3752913678085531e-09,-8.861605282905533
2024,power_datacenter_bottleneck × allocation_base,power_datacenter_bottleneck,allocation_base,1e+25,1.2269458551168e+27,122.69458551167999,2.088825397818413
2024,power_datacenter_bottleneck × allocation_inference_heavy,power_datacenter_bottleneck,allocation_inference_heavy,1e+25,8.690866473743999e+26,86.90866473743998,1.9390630774850806
2024,power_datacenter_bottleneck × allocation_training_race,power_datacenter_bottleneck,allocation_training_race,1e+25,1.3947333224832e+27,139.47333224832,2.144491177039337
2024,power_datacenter_bottleneck × allocation_rnd_acceleration,power_datacenter_bottleneck,allocation_rnd_acceleration,1e+25,1.2269458551168e+27,122.69458551167999,2.088825397818413
2025,power_datacenter_bottleneck × allocation_base,power_datacenter_bottleneck,allocation_base,5.974398188263824e+25,3.1168921841101656e+27,52.170814296124824,1.7174276153605528
2025,power_datacenter_bottleneck × allocation_inference_heavy,power_datacenter_bottleneck,allocation_inference_heavy,5.974398188263824e+25,2.0912322317429291e+27,35.00322820549473,1.5441080994125846
2025,power_datacenter_bottleneck × allocation_training_race,power_datacenter_bottleneck,allocation_training_race,5.974398188263824e+25,4.095454801046054e+27,68.5500810624108,1.8360079726913503
2025,power_datacenter_bottleneck × allocation_rnd_acceleration,power_datacenter_bottleneck,allocation_rnd_acceleration,5.974398188263824e+25,3.071898152426544e+27,51.41770025407774,1.7111126481664436
2026,power_datacenter_bottleneck × allocation_base,power_datacenter_bottleneck,allocation_base,3.5693433711930066e+26,5.576698176498788e+27,15.62387698955074,1.193788810990907
2026,power_datacenter_bottleneck × allocation_inference_heavy,power_datacenter_bottleneck,allocation_inference_heavy,3.5693433711930066e+26,3.5238606027600914e+27,9.872573849857115,0.9944303910756345
2026,power_datacenter_bottleneck × allocation_training_race,power_datacenter_bottleneck,allocation_training_race,3.5693433711930066e+26,8.550937203964807e+27,23.956611383977798,1.3794253879528184
2026,power_datacenter_bottleneck × allocation_rnd_acceleration,power_datacenter_bottleneck,allocation_rnd_acceleration,3.5693433711930066e+26,5.421298121492295e+27,15.188502639577365,1.1815149609975697
2027,power_datacenter_bottleneck × allocation_base,power_datacenter_bottleneck,allocation_base,2.1324678570146992e+27,7.874827430260572e+27,3.692823506978793,0.567358551686489
2027,power_datacenter_bottleneck × allocation_inference_heavy,power_datacenter_bottleneck,allocation_inference_heavy,2.1324678570146992e+27,4.654120231375729e+27,2.1825042830381327,0.3389551046561877
2027,power_datacenter_bottleneck × allocation_training_race,power_datacenter_bottleneck,allocation_training_race,2.1324678570146992e+27,1.425203335855773e+28,6.683352019434209,0.8249943364897786
2027,power_datacenter_bottleneck × allocation_rnd_acceleration,power_datacenter_bottleneck,allocation_rnd_acceleration,2.1324678570146992e+27,7.561562690236486e+27,3.545921062942598,0.549729063382771
2028,power_datacenter_bottleneck × allocation_base,power_datacenter_bottleneck,allocation_base,1.274021210147279e+28,8.942254911003812e+27,0.7018921537397382,-0.15372961241978772
2028,power_datacenter_bottleneck × allocation_inference_heavy,power_datacenter_bottleneck,allocation_inference_heavy,1.274021210147279e+28,4.900914453058091e+27,0.38468075837540705,-0.4148995364391574
2028,power_datacenter_bottleneck × allocation_training_race,power_datacenter_bottleneck,allocation_training_race,1.274021210147279e+28,1.9368688651657943e+28,1.5202799213538125,0.18192355972554006
2028,power_datacenter_bottleneck × allocation_rnd_acceleration,power_datacenter_bottleneck,allocation_rnd_acceleration,1.274021210147279e+28,8.500662075892511e+27,0.6672308128143188,-0.17572390612595576
2029,power_datacenter_bottleneck × allocation_base,power_datacenter_bottleneck,allocation_base,7.611510009713589e+28,1.0323252552519415e+28,0.13562686693369883,-0.867654270607041
2029,power_datacenter_bottleneck × allocation_inference_heavy,power_datacenter_bottleneck,allocation_inference_heavy,7.611510009713589e+28,5.189684692634245e+27,0.06818206487295318,-1.1663298504325872
2029,power_datacenter_bottleneck × allocation_training_race,power_datacenter_bottleneck,allocation_training_race,7.611510009713589e+28,2.7226989380526094e+28,0.3577081202781025,-0.4464712008855767
2029,power_datacenter_bottleneck × allocation_rnd_acceleration,power_datacenter_bottleneck,allocation_rnd_acceleration,7.611510009713589e+28,9.751559201286418e+27,0.12811596107528941,-0.8923967611599762
2030,power_datacenter_bottleneck × allocation_base,power_datacenter_bottleneck,allocation_base,4.547419161198483e+29,1.2285455237675377e+28,0.027016324649600843,-1.5683737335140777
2030,power_datacenter_bottleneck × allocation_inference_heavy,power_datacenter_bottleneck,allocation_inference_heavy,4.547419161198483e+29,5.583910036846206e+27,0.012279294779974833,-1.9108265747225526
2030,power_datacenter_bottleneck × allocation_training_race,power_datacenter_bottleneck,allocation_training_race,4.547419161198483e+29,4.03448283113784e+28,0.0887202760098003,-1.0519771157616604
2030,power_datacenter_bottleneck × allocation_rnd_acceleration,power_datacenter_bottleneck,allocation_rnd_acceleration,4.547419161198483e+29,1.160292994669341e+28,0.02551541772462302,-1.5931973172391098
2031,power_datacenter_bottleneck × allocation_base,power_datacenter_bottleneck,allocation_base,2.716809279794042e+30,1.337697461894274e+28,0.004923781260036344,-2.3077012489310746
2031,power_datacenter_bottleneck × allocation_inference_heavy,power_datacenter_bottleneck,allocation_inference_heavy,2.716809279794042e+30,5.907504117226884e+27,0.0021744272449167744,-2.662655118998774
2031,power_datacenter_bottleneck × allocation_training_race,power_datacenter_bottleneck,allocation_training_race,2.716809279794042e+30,4.69920058108909e+28,0.017296762846177156,-1.762035169101944
2031,power_datacenter_bottleneck × allocation_rnd_acceleration,power_datacenter_bottleneck,allocation_rnd_acceleration,2.716809279794042e+30,1.2936450903176323e+28,0.004761633803075429,-2.322244007381142
2032,power_datacenter_bottleneck × allocation_base,power_datacenter_bottleneck,allocation_base,1.623130043905987e+31,1.4554516915329008e+28,0.0008966944435520545,-3.0473555213776224
2032,power_datacenter_bottleneck × allocation_inference_heavy,power_datacenter_bottleneck,allocation_inference_heavy,1.623130043905987e+31,6.229985041238006e+27,0.0003838253789108503,-3.415866312673656
2032,power_datacenter_bottleneck × allocation_training_race,power_datacenter_bottleneck,allocation_training_race,1.623130043905987e+31,5.484314069255593e+28,0.0033788506902736187,-2.471230999057587
2032,power_datacenter_bottleneck × allocation_rnd_acceleration,power_datacenter_bottleneck,allocation_rnd_acceleration,1.623130043905987e+31,1.443306191511567e+28,0.0008892116789596954,-3.050994841885731
2033,power_datacenter_bottleneck × allocation_base,power_datacenter_bottleneck,allocation_base,9.69722519362851e+31,1.5823994318522073e+28,0.00016318064191103978,-3.787331362799455
2033,power_datacenter_bottleneck × allocation_inference_heavy,power_datacenter_bottleneck,allocation_inference_heavy,9.69722519362851e+31,6.546933517647225e+27,6.751347304947439e-05,-4.170609550322163
2033,power_datacenter_bottleneck × allocation_training_race,power_datacenter_bottleneck,allocation_training_race,9.69722519362851e+31,6.415446453827578e+28,0.0006615754842986218,-3.1794205966101305
2033,power_datacenter_bottleneck × allocation_rnd_acceleration,power_datacenter_bottleneck,allocation_rnd_acceleration,9.69722519362851e+31,1.6116786467266428e+28,0.0001661999813911287,-3.7793690291784454
2034,power_datacenter_bottleneck × allocation_base,power_datacenter_bottleneck,allocation_base,5.793508462797016e+32,1.7191805825984732e+28,2.967425686245532e-05,-4.527620148348978
2034,power_datacenter_bottleneck × allocation_inference_heavy,power_datacenter_bottleneck,allocation_inference_heavy,5.793508462797016e+32,6.852933708010269e+27,1.1828641922276195e-05,-4.92706511501017
2034,power_datacenter_bottleneck × allocation_training_race,power_datacenter_bottleneck,allocation_training_race,5.793508462797016e+32,7.525064041092357e+28,0.00012988785792606528,-3.886431445402532
2034,power_datacenter_bottleneck × allocation_rnd_acceleration,power_datacenter_bottleneck,allocation_rnd_acceleration,5.793508462797016e+32,1.8016665196423394e+28,3.109802171191656e-05,-4.507267237562398
2035,power_datacenter_bottleneck × allocation_base,power_datacenter_bottleneck,allocation_base,3.4612726463825627e+33,1.8664979070077032e+28,5.392519161870745e-06,-5.268208302993161
2035,power_datacenter_bottleneck × allocation_inference_heavy,power_datacenter_bottleneck,allocation_inference_heavy,3.4612726463825627e+33,7.1413832963773e+27,2.06322472280272e-06,-5.685453466860586
2035,power_datacenter_bottleneck × allocation_training_race,power_datacenter_bottleneck,allocation_training_race,3.4612726463825627e+33,8.854851561319773e+28,2.5582646806440212e-05,-4.592054524987712
2035,power_datacenter_bottleneck × allocation_rnd_acceleration,power_datacenter_bottleneck,allocation_rnd_acceleration,3.4612726463825627e+33,2.016833520742201e+28,5.826855399126183e-06,-5.234565759349492
2036,power_datacenter_bottleneck × allocation_base,power_datacenter_bottleneck,allocation_base,2.0679021027635115e+34,2.025139263451355e+28,9.793206654923322e-07,-6.009075080973757
2036,power_datacenter_bottleneck × allocation_inference_heavy,power_datacenter_bottleneck,allocation_inference_heavy,2.0679021027635115e+34,7.404257893880116e+27,3.58056500062802e-07,-6.4460484377990825
2036,power_datacenter_bottleneck × allocation_training_race,power_datacenter_bottleneck,allocation_training_race,2.0679021027635115e+34,1.045915520893071e+29,5.057858007375331e-06,-5.29603336705942
2036,power_datacenter_bottleneck × allocation_rnd_acceleration,power_datacenter_bottleneck,allocation_rnd_acceleration,2.0679021027635115e+34,2.261630461124753e+28,1.0936835250094026e-06,-5.96110832994581
2037,power_datacenter_bottleneck × allocation_base,power_datacenter_bottleneck,allocation_base,1.2354470576257277e+35,2.19601297813256e+28,1.77750472153201e-07,-6.750189236993372
2037,power_datacenter_bottleneck × allocation_inference_heavy,power_datacenter_bottleneck,allocation_inference_heavy,1.2354470576257277e+35,7.631811121776247e+27,6.177368001865657e-08,-7.209196525840708
2037,power_datacenter_bottleneck × allocation_training_race,power_datacenter_bottleneck,allocation_training_race,1.2354470576257277e+35,1.2410102656885025e+29,1.0045029918752375e-06,-5.998048765383655
2037,power_datacenter_bottleneck × allocation_rnd_acceleration,power_datacenter_bottleneck,allocation_rnd_acceleration,1.2354470576257277e+35,2.541731824710848e+28,2.0573377135200987e-07,-6.686694412690388
2038,power_datacenter_bottleneck × allocation_base,power_datacenter_bottleneck,allocation_base,7.38105266277502e+35,2.3802051726495e+28,3.22475029158595e-08,-7.4915039093031295
2038,power_datacenter_bottleneck × allocation_inference_heavy,power_datacenter_bottleneck,allocation_inference_heavy,7.38105266277502e+35,7.812179583804146e+27,1.0584099505485762e-08,-7.975346085819776
2038,power_datacenter_bottleneck × allocation_training_race,power_datacenter_bottleneck,allocation_training_race,7.38105266277502e+35,1.4805442889397182e+29,2.0058714611353076e-07,-6.69769690058192
2038,power_datacenter_bottleneck × allocation_rnd_acceleration,power_datacenter_bottleneck,allocation_rnd_acceleration,7.38105266277502e+35,2.8645492484793397e+28,3.880949478827277e-08,-7.411062010753761
2039,power_datacenter_bottleneck × allocation_base,power_datacenter_bottleneck,allocation_base,4.4097347655962956e+36,2.5790748703882656e+28,5.848594093480624e-09,-8.232948518674055
2039,power_datacenter_bottleneck × allocation_inference_heavy,power_datacenter_bottleneck,allocation_inference_heavy,4.4097347655962956e+36,7.930839287516797e+27,1.798484423460414e-09,-8.74509331922133
2039,power_datacenter_bottleneck × allocation_training_race,power_datacenter_bottleneck,allocation_training_race,4.4097347655962956e+36,1.7780963749088383e+29,4.032207081435202e-08,-7.394457171995269
2039,power_datacenter_bottleneck × allocation_rnd_acceleration,power_datacenter_bottleneck,allocation_rnd_acceleration,4.4097347655962956e+36,3.2400426957228043e+28,7.347477496834614e-09,-8.133861735369745
2040,power_datacenter_bottleneck × allocation_base,power_datacenter_bottleneck,allocation_base,2.634551139428872e+37,2.7944165692044666e+28,1.0606803289497926e-09,-8.974415485365142
2040,power_datacenter_bottleneck × allocation_inference_heavy,power_datacenter_bottleneck,allocation_inference_heavy,2.634551139428872e+37,7.969815527142864e+27,3.0251132376464673e-10,-9.519258363965378
2040,power_datacenter_bottleneck × allocation_training_race,power_datacenter_bottleneck,allocation_training_race,2.634551139428872e+37,2.1530954760046892e+29,8.172532481079284e-09,-8.087643344675342
2040,power_datacenter_bottleneck × allocation_rnd_acceleration,power_datacenter_bottleneck,allocation_rnd_acceleration,2.634551139428872e+37,3.682054773540003e+28,1.3976023157926678e-09,-8.854616388409253
