year,supply_scenario,allocation_scenario,combined_scenario,largest_frontier_run_flop,frontier_run_share_of_total_compute,training_compute_flop_year,frontier_lab_training_compute_flop_year
2024,base_input_case,allocation_base,base_input_case × allocation_base,1.394256653541818e+27,0.035100000000000006,1.191672353454545e+28,7.745870297454544e+27
2024,base_input_case,allocation_inference_heavy,base_input_case × allocation_inference_heavy,9.875984629254542e+26,0.024862499999999996,1.191672353454545e+28,7.745870297454544e+27
2024,base_input_case,allocation_training_race,base_input_case × allocation_training_race,1.584924230094545e+27,0.0399,1.191672353454545e+28,8.341706474181816e+27
2024,base_input_case,allocation_rnd_acceleration,base_input_case × allocation_rnd_acceleration,1.394256653541818e+27,0.035100000000000006,1.191672353454545e+28,7.745870297454544e+27
2025,base_input_case,allocation_base,base_input_case × allocation_base,3.5943391189466087e+27,0.030703750000000005,3.394889368544612e+28,2.178387344816126e+28
2025,base_input_case,allocation_inference_heavy,base_input_case × allocation_inference_heavy,2.4115681176509883e+27,0.020600222222222214,3.2778242179051424e+28,2.07595533800659e+28
2025,base_input_case,allocation_training_race,base_input_case × allocation_training_race,4.722798393964993e+27,0.040343333333333335,3.5509762360639045e+28,2.485683365244733e+28
2025,base_input_case,allocation_rnd_acceleration,base_input_case × allocation_rnd_acceleration,3.54245288142321e+27,0.030260524691358027,3.3168459347849655e+28,2.128309474820353e+28
2026,base_input_case,allocation_base,base_input_case × allocation_base,6.522982554087957e+27,0.0266,6.866297425355743e+28,4.348655036058637e+28
2026,base_input_case,allocation_inference_heavy,base_input_case × allocation_inference_heavy,4.1218083725078475e+27,0.01680827777777778,6.375847609258905e+28,3.931772692376325e+28
2026,base_input_case,allocation_training_race,base_input_case × allocation_training_race,1.0001906582934866e+28,0.040786666666666666,7.520230513484862e+28,5.2641613594394035e+28
2026,base_input_case,allocation_rnd_acceleration,base_input_case × allocation_rnd_acceleration,6.341213375332066e+27,0.025858765432098762,6.539330881291184e+28,4.14157622481775e+28
2027,base_input_case,allocation_base,base_input_case × allocation_base,1.002483834475544e+28,0.022781250000000006,1.188128989008052e+29,7.425806181300324e+28
2027,base_input_case,allocation_inference_heavy,base_input_case × allocation_inference_heavy,5.92480322518682e+27,0.013464000000000004,1.056114656896046e+29,6.336687941376277e+28
2027,base_input_case,allocation_training_race,base_input_case × allocation_training_race,1.8143169709926657e+28,0.041229999999999996,1.3641480984907261e+29,9.549036689435083e+28
2027,base_input_case,allocation_rnd_acceleration,base_input_case × allocation_rnd_acceleration,9.626045049833754e+27,0.021875000000000002,1.1001194342667146e+29,6.875746464166966e+28
2028,base_input_case,allocation_base,base_input_case × allocation_base,1.4130625218119698e+28,0.019240000000000007,1.9095439483945533e+29,1.1775521015099747e+29
2028,base_input_case,allocation_inference_heavy,base_input_case × allocation_inference_heavy,7.74446557959462e+27,0.010544722222222224,1.6157679563338526e+29,9.42531307861414e+28
2028,base_input_case,allocation_training_race,base_input_case × allocation_training_race,3.060656210619065e+28,0.04167333333333334,2.301245271142154e+29,1.6108716897995078e+29
2028,base_input_case,allocation_rnd_acceleration,base_input_case × allocation_rnd_acceleration,1.3432816565373043e+28,0.018289876543209876,1.7136932870207528e+29,1.056777526996131e+29
2029,base_input_case,allocation_base,base_input_case × allocation_base,1.880274261399727e+28,0.01596875,2.943677904343995e+29,1.7907373918092635e+29
2029,base_input_case,allocation_inference_heavy,base_input_case × allocation_inference_heavy,9.452476826171274e+27,0.008027777777777778,2.354942323475196e+29,1.3344673166359443e+29
2029,base_input_case,allocation_training_race,base_input_case × allocation_training_race,4.9591160428515165e+28,0.04211666666666666,3.728658678835727e+29,2.6100610751850085e+29
2029,base_input_case,allocation_rnd_acceleration,base_input_case × allocation_rnd_acceleration,1.776146198246373e+28,0.01508441358024691,2.551187517098129e+29,1.551972406234695e+29
2030,base_input_case,allocation_base,base_input_case × allocation_base,2.3875986948934406e+28,0.012960000000000001,4.421479064617482e+29,2.6528874387704893e+29
2030,base_input_case,allocation_inference_heavy,base_input_case × allocation_inference_heavy,1.0851967679220536e+28,0.005890500000000002,3.316109298463112e+29,1.8238601141547117e+29
2030,base_input_case,allocation_training_race,base_input_case × allocation_training_race,7.840756207921668e+28,0.042559999999999994,5.8953054194899766e+29,4.1267137936429835e+29
2030,base_input_case,allocation_rnd_acceleration,base_input_case × allocation_rnd_acceleration,2.2549543229549157e+28,0.01224,3.684565887181235e+29,2.210739532308741e+29
2031,base_input_case,allocation_base,base_input_case × allocation_base,3.062513689565376e+28,0.01183803075,6.05360991614503e+29,3.601897900106293e+29
2031,base_input_case,allocation_inference_heavy,base_input_case × allocation_inference_heavy,1.3524591879356538e+28,0.005227879800000001,4.449661989645065e+29,2.4250657843565606e+29
2031,base_input_case,allocation_training_race,base_input_case × allocation_training_race,1.075831159103772e+29,0.04158584625,8.356051294507885e+29,5.807455649682979e+29
2031,base_input_case,allocation_rnd_acceleration,base_input_case × allocation_rnd_acceleration,2.9616605483623995e+28,0.01144818675,5.12228531366118e+29,3.047759761628402e+29
2032,base_input_case,allocation_base,base_input_case × allocation_base,3.725648204065915e+28,0.010775052,7.883468131077499e+29,4.651246197335724e+29
2032,base_input_case,allocation_inference_heavy,base_input_case × allocation_inference_heavy,1.5947442787194156e+28,0.0046122048,5.670564796038201e+29,3.0621049898606288e+29
2032,base_input_case,allocation_training_race,base_input_case × allocation_training_race,1.4038682961119533e+29,0.04060167,1.1271976362856425e+30,7.777663690370932e+29
2032,base_input_case,allocation_rnd_acceleration,base_input_case × allocation_rnd_acceleration,3.6945582952731974e+28,0.010685136,6.77701646355785e+29,3.9984397134991314e+29
2033,base_input_case,allocation_base,base_input_case × allocation_base,4.371497772495178e+28,0.00976947075,9.933726507077463e+29,5.8112300066403156e+29
2033,base_input_case,allocation_inference_heavy,base_input_case × allocation_inference_heavy,1.8086397601627742e+28,0.0040419678,6.980456464432814e+29,3.7345442084715556e+29
2033,base_input_case,allocation_training_race,base_input_case × allocation_training_race,1.772315467128448e+29,0.03960789875,1.4721603697425614e+30,1.0084298532736545e+30
2033,base_input_case,allocation_rnd_acceleration,base_input_case × allocation_rnd_acceleration,4.452383811776794e+28,0.009950235750000001,8.680824064743371e+29,5.078282077874872e+29
2034,base_input_case,allocation_base,base_input_case × allocation_base,4.993463425969162e+28,0.008819711999999999,1.2229289346515386e+30,7.092987820978923e+29
2034,base_input_case,allocation_inference_heavy,base_input_case × allocation_inference_heavy,1.9904758219068835e+28,0.0035156807999999996,8.379327885575356e+29,4.441043779354939e+29
2034,base_input_case,allocation_training_race,base_input_case × allocation_training_race,2.1857001206048728e+29,0.038604959999999994,1.8796870662236611e+30,1.2781872050320895e+30
2034,base_input_case,allocation_rnd_acceleration,base_input_case × allocation_rnd_acceleration,5.233048792366672e+28,0.00924288,1.0870479419124787e+30,6.304878063092376e+29
2035,base_input_case,allocation_base,base_input_case × allocation_base,5.583714013005552e+28,0.00792421875,1.4797420158689662e+30,8.508516591246555e+29
2035,base_input_case,allocation_inference_heavy,base_input_case × allocation_inference_heavy,2.1363775354108205e+28,0.0030318750000000007,9.864946772459776e+29,5.1790970555413826e+29
2035,base_input_case,allocation_training_race,base_input_case × allocation_training_race,2.6489694180954286e+29,0.03759328124999999,2.360540834838589e+30,1.5933650635160475e+30
2035,base_input_case,allocation_rnd_acceleration,base_input_case × allocation_rnd_acceleration,6.033449889971441e+28,0.008562468749999998,1.3388142048338267e+30,7.698181677794503e+29
2036,base_input_case,allocation_base,base_input_case × allocation_base,6.1330416195982535e+28,0.007081452,1.766785244605264e+30,1.0070675894250005e+30
2036,base_input_case,allocation_inference_heavy,base_input_case × allocation_inference_heavy,2.2423456324684734e+28,0.0025891008000000007,1.1432139818034062e+30,5.944712705377712e+29
2036,base_input_case,allocation_training_race,base_input_case × allocation_training_race,3.167507309738688e+29,0.03657328999999999,2.927320650375388e+30,1.9613048357515102e+30
2036,base_input_case,allocation_rnd_acceleration,base_input_case × allocation_rnd_acceleration,6.849244393489328e+28,0.007908408,1.628213852871518e+30,9.280818961367653e+29
2037,base_input_case,allocation_base,base_input_case × allocation_base,6.563253291946526e+28,0.006289890749999999,2.066052024521113e+30,1.1673193938544289e+30
2037,base_input_case,allocation_inference_heavy,base_input_case × allocation_inference_heavy,2.280929574064133e+28,0.0021859278,1.2938911668718083e+30,6.663539509389814e+29
2037,base_input_case,allocation_training_race,base_input_case × allocation_training_race,3.709023941445865e+29,0.035545413750000004,3.5582007088974725e+30,2.3662034714168193e+30
2037,base_input_case,allocation_rnd_acceleration,base_input_case × allocation_rnd_acceleration,7.596507822082524e+28,0.00728010975,1.9408367503077124e+30,1.0965727639238576e+30
2038,base_input_case,allocation_base,base_input_case × allocation_base,6.739596154902834e+28,0.0055480320000000005,2.3323630104176474e+30,1.3061232858338825e+30
2038,base_input_case,allocation_inference_heavy,base_input_case × allocation_inference_heavy,2.212033487256438e+28,0.0018209448,1.409135985460662e+30,7.186593525849376e+29
2038,base_input_case,allocation_training_race,base_input_case × allocation_training_race,4.1921892749246794e+29,0.03451008,4.178817060331618e+30,2.758019259818868e+30
2038,base_input_case,allocation_rnd_acceleration,base_input_case × allocation_rnd_acceleration,8.11102560502841e+28,0.006676992,2.235181218316912e+30,1.2517014822574708e+30
2039,base_input_case,allocation_base,base_input_case × allocation_base,6.864537254940654e+28,0.004854390750000001,2.630204273149955e+30,1.459763371598225e+30
2039,base_input_case,allocation_inference_heavy,base_input_case × allocation_inference_heavy,2.1108941961002536e+28,0.0014927597999999998,1.5272153844096515e+30,7.71243769126874e+29
2039,base_input_case,allocation_training_race,base_input_case × allocation_training_race,4.732630660931192e+29,0.033467716249999994,4.9068864665754533e+30,3.214010635606922e+30
2039,base_input_case,allocation_rnd_acceleration,base_input_case × allocation_rnd_acceleration,8.623787563421613e+28,0.006098478750000001,2.573640740394042e+30,1.4283706109186933e+30
2040,base_input_case,allocation_base,base_input_case × allocation_base,6.925413711748757e+28,0.0042074999999999994,2.962743833903212e+30,1.6295091086467665e+30
2040,base_input_case,allocation_inference_heavy,base_input_case × allocation_inference_heavy,1.9751625559354746e+28,0.0012,1.6459687966128957e+30,8.229843983064478e+29
2040,base_input_case,allocation_training_race,base_input_case × allocation_training_race,5.33602509251943e+29,0.032418749999999996,5.760890788145134e+30,3.744579012294337e+30
2040,base_input_case,allocation_rnd_acceleration,base_input_case × allocation_rnd_acceleration,9.125251008421893e+28,0.005544,2.962743833903212e+30,1.6295091086467665e+30
2024,capex_rich,allocation_base,capex_rich × allocation_base,1.533682318895999e+27,0.0351,1.3108395887999992e+28,8.520457327199995e+27
2024,capex_rich,allocation_inference_heavy,capex_rich × allocation_inference_heavy,1.0863583092179992e+27,0.024862499999999996,1.3108395887999992e+28,8.520457327199995e+27
2024,capex_rich,allocation_training_race,capex_rich × allocation_training_race,1.743416653103999e+27,0.0399,1.3108395887999992e+28,9.175877121599994e+27
2024,capex_rich,allocation_rnd_acceleration,capex_rich × allocation_rnd_acceleration,1.533682318895999e+27,0.0351,1.3108395887999992e+28,8.520457327199995e+27
2025,capex_rich,allocation_base,capex_rich × allocation_base,4.39210913959125e+27,0.030703750000000005,4.148391159e+28,2.661884327025e+28
2025,capex_rich,allocation_inference_heavy,capex_rich × allocation_inference_heavy,2.9468199910379996e+27,0.02060022222222222,4.005343187999999e+28,2.5367173523999994e+28
2025,capex_rich,allocation_training_race,capex_rich × allocation_training_race,5.771031976709999e+27,0.04034333333333333,4.3391217869999995e+28,3.0373852508999997e+28
2025,capex_rich,allocation_rnd_acceleration,capex_rich × allocation_rnd_acceleration,4.3287066584941663e+27,0.030260524691358027,4.053025844999999e+28,2.6006915838749997e+28
2026,capex_rich,allocation_base,capex_rich × allocation_base,8.993816067599999e+27,0.026600000000000002,9.467174807999997e+28,5.995877378399998e+28
2026,capex_rich,allocation_inference_heavy,capex_rich × allocation_inference_heavy,5.683103712273e+27,0.016808277777777783,8.790948035999999e+28,5.4210846222e+28
2026,capex_rich,allocation_training_race,capex_rich × allocation_training_race,1.3790517970319996e+28,0.040786666666666666,1.0368810503999997e+29,7.258167352799997e+28
2026,capex_rich,allocation_rnd_acceleration,capex_rich × allocation_rnd_acceleration,8.743194738026665e+27,0.025858765432098765,9.016356959999998e+28,5.710359407999998e+28
2027,capex_rich,allocation_base,capex_rich × allocation_base,1.6103082769478918e+28,0.022781250000000003,1.9085135134197235e+29,1.1928209458873272e+29
2027,capex_rich,allocation_inference_heavy,capex_rich × allocation_inference_heavy,9.517120720253022e+27,0.013464000000000002,1.6964564563730873e+29,1.0178738738238526e+29
2027,capex_rich,allocation_training_race,capex_rich × allocation_training_race,2.9143708206776e+28,0.04123,2.1912562561485714e+29,1.533879379304e+29
2027,capex_rich,allocation_rnd_acceleration,capex_rich × allocation_rnd_acceleration,1.546249374298387e+28,0.021875000000000002,1.7671421420552994e+29,1.1044638387845621e+29
2028,capex_rich,allocation_base,capex_rich × allocation_base,2.455488381897718e+28,0.01924000000000001,3.318227543105023e+29,2.046240318248098e+29
2028,capex_rich,allocation_inference_heavy,capex_rich × allocation_inference_heavy,1.3457610658526685e+28,0.010544722222222223,2.807730998011942e+29,1.637843082173633e+29
2028,capex_rich,allocation_training_race,capex_rich × allocation_training_race,5.3185231722947435e+28,0.04167333333333334,3.9988896032291306e+29,2.7992227222603913e+29
2028,capex_rich,allocation_rnd_acceleration,capex_rich × allocation_rnd_acceleration,2.334229696371904e+28,0.01828987654320988,2.9778965130429693e+29,1.8363695163764977e+29
2029,capex_rich,allocation_base,capex_rich × allocation_base,3.4596804203723246e+28,0.01596875,5.41632942524043e+29,3.294933733687928e+29
2029,capex_rich,allocation_inference_heavy,capex_rich × allocation_inference_heavy,1.7392435598827602e+28,0.008027777777777778,4.3330635401923434e+29,2.455402672775661e+29
2029,capex_rich,allocation_training_race,capex_rich × allocation_training_race,9.124709638388376e+28,0.04211666666666666,6.860683938637878e+29,4.802478757046514e+29
2029,capex_rich,allocation_rnd_acceleration,capex_rich × allocation_rnd_acceleration,3.2680861254875075e+28,0.015084413580246911,4.694152168541706e+29,2.855609235862871e+29
2030,capex_rich,allocation_base,capex_rich × allocation_base,4.6632886645703165e+28,0.012960000000000003,8.635719749204288e+29,5.1814318495225726e+29
2030,capex_rich,allocation_inference_heavy,capex_rich × allocation_inference_heavy,2.119529465945328e+28,0.005890500000000002,6.476789811903216e+29,3.562234396546769e+29
2030,capex_rich,allocation_training_race,capex_rich × allocation_training_race,1.5314009688588936e+29,0.042559999999999994,1.1514292998939052e+30,8.060005099257335e+29
2030,capex_rich,allocation_rnd_acceleration,capex_rich × allocation_rnd_acceleration,4.404217072094187e+28,0.01224,7.196433124336907e+29,4.317859874602144e+29
2031,capex_rich,allocation_base,capex_rich × allocation_base,6.216913408872633e+28,0.01183803075,1.2288849120249127e+30,7.31186522654823e+29
2031,capex_rich,allocation_inference_heavy,capex_rich × allocation_inference_heavy,2.745496841068298e+28,0.0052278798,9.032829267875426e+29,4.922891950992107e+29
2031,capex_rich,allocation_training_race,capex_rich × allocation_training_race,2.1839409833509744e+29,0.04158584625,1.6962813101882344e+30,1.1789155105808228e+30
2031,capex_rich,allocation_rnd_acceleration,capex_rich × allocation_rnd_acceleration,6.0121811825292825e+28,0.011448186749999999,1.0398256947903108e+30,6.186962884002349e+29
2032,capex_rich,allocation_base,capex_rich × allocation_base,7.791987405390105e+28,0.010775052,1.64878380951567e+30,9.727824476142452e+29
2032,capex_rich,allocation_inference_heavy,capex_rich × allocation_inference_heavy,3.3353195615835357e+28,0.004612204800000002,1.185967301581447e+30,6.404223428539814e+29
2032,capex_rich,allocation_training_race,capex_rich × allocation_training_race,2.9361129883902672e+29,0.04060167,2.3574715872899493e+30,1.626655395230065e+30
2032,capex_rich,allocation_rnd_acceleration,capex_rich × allocation_rnd_acceleration,7.7269645786285205e+28,0.010685136,1.4173755555485585e+30,8.362515777736495e+29
2033,capex_rich,allocation_base,capex_rich × allocation_base,9.378901780049646e+28,0.009769470749999998,2.1312476882854902e+30,1.2467798976470117e+30
2033,capex_rich,allocation_inference_heavy,capex_rich × allocation_inference_heavy,3.880375914357833e+28,0.0040419678,1.4976335106871013e+30,8.012339282175992e+29
2033,capex_rich,allocation_training_race,capex_rich × allocation_training_race,3.8024433625578046e+29,0.039607898749999995,3.1584706731798484e+30,2.163552411128196e+30
2033,capex_rich,allocation_rnd_acceleration,capex_rich × allocation_rnd_acceleration,9.552440063100513e+28,0.009950235749999998,1.86244167354678e+30,1.0895283790248662e+30
2034,capex_rich,allocation_base,capex_rich × allocation_base,1.0964755574179584e+29,0.008819712,2.685333947438182e+30,1.5574936895141455e+30
2034,capex_rich,allocation_inference_heavy,capex_rich × allocation_inference_heavy,4.370730092868808e+28,0.0035156808,1.8399510380594947e+30,9.751740501715322e+29
2034,capex_rich,allocation_training_race,capex_rich × allocation_training_race,4.799407853124681e+29,0.03860496,4.127457734025354e+30,2.8066712591372406e+30
2034,capex_rich,allocation_rnd_acceleration,capex_rich × allocation_rnd_acceleration,1.1490842331526583e+29,0.009242879999999998,2.3869635088339394e+30,1.3844388351236847e+30
2035,capex_rich,allocation_base,capex_rich × allocation_base,1.1981228552641413e+29,0.00792421875,3.1751495957310573e+30,1.8257110175453578e+30
2035,capex_rich,allocation_inference_heavy,capex_rich × allocation_inference_heavy,4.584122228836715e+28,0.0030318750000000007,2.1167663971540384e+30,1.1113023585058703e+30
2035,capex_rich,allocation_training_race,capex_rich × allocation_training_race,5.684013893482925e+29,0.03759328124999999,5.06511959319002e+30,3.4189557254032636e+30
2035,capex_rich,allocation_rnd_acceleration,capex_rich × allocation_rnd_acceleration,1.2946247233343958e+29,0.00856246875,2.8727543961376235e+30,1.6518337777791334e+30
2036,capex_rich,allocation_base,capex_rich × allocation_base,1.219190734283754e+29,0.007081452,3.512202155629746e+30,2.0019552287089554e+30
2036,capex_rich,allocation_inference_heavy,capex_rich × allocation_inference_heavy,4.457571279854266e+28,0.0025891008000000007,2.2726013948192477e+30,1.1817527253060088e+30
2036,capex_rich,allocation_training_race,capex_rich × allocation_training_race,6.296705292964306e+29,0.03657329,5.819236904915952e+30,3.898888726293688e+30
2036,capex_rich,allocation_rnd_acceleration,capex_rich × allocation_rnd_acceleration,1.3615650796666437e+29,0.007908408,3.2367353198940797e+30,1.8449391323396257e+30
2037,capex_rich,allocation_base,capex_rich × allocation_base,1.2329862311491146e+29,0.006289890749999999,3.881327728427154e+30,2.192950166561342e+30
2037,capex_rich,allocation_inference_heavy,capex_rich × allocation_inference_heavy,4.285001102262509e+28,0.0021859278,2.4307304965907433e+30,1.2518262057442328e+30
2037,capex_rich,allocation_training_race,capex_rich × allocation_training_race,6.967848485166203e+29,0.03554541375,6.684508865624544e+30,4.445198395640322e+30
2037,capex_rich,allocation_rnd_acceleration,capex_rich × allocation_rnd_acceleration,1.4270955474074688e+29,0.00728010975,3.646095744886115e+30,2.0600440958606552e+30
2038,capex_rich,allocation_base,capex_rich × allocation_base,1.2381747245330259e+29,0.005548032000000001,4.284934677924369e+30,2.3995634196376467e+30
2038,capex_rich,allocation_inference_heavy,capex_rich × allocation_inference_heavy,4.063869541721903e+28,0.0018209448,2.588814701245973e+30,1.3202954976354462e+30
2038,capex_rich,allocation_training_race,capex_rich × allocation_training_race,7.701741590101261e+29,0.03451008,7.677174631281161e+30,5.066935256645566e+30
2038,capex_rich,allocation_rnd_acceleration,capex_rich × allocation_rnd_acceleration,1.4901288835949786e+29,0.0066769920000000005,4.106395733010853e+30,2.299581610486078e+30
2039,capex_rich,allocation_base,capex_rich × allocation_base,1.2332988470766794e+29,0.004854390750000001,4.725486623759374e+30,2.6226450761864526e+30
2039,capex_rich,allocation_inference_heavy,capex_rich × allocation_inference_heavy,3.7924819717127517e+28,0.0014927598,2.743830942828024e+30,1.385634626128152e+30
2039,capex_rich,allocation_training_race,capex_rich × allocation_training_race,8.502755132642432e+29,0.03346771625,8.815827195938186e+30,5.774366813339512e+30
2039,capex_rich,allocation_rnd_acceleration,capex_rich × allocation_rnd_acceleration,1.5493698794841827e+29,0.006098478750000002,4.623863255506484e+30,2.566244106806099e+30
2040,capex_rich,allocation_base,capex_rich × allocation_base,1.2167792089529355e+29,0.0042075,5.205472551670312e+30,2.8630099034186717e+30
2040,capex_rich,allocation_inference_heavy,capex_rich × allocation_inference_heavy,3.4703150344468753e+28,0.0012000000000000001,2.891929195372396e+30,1.445964597686198e+30
2040,capex_rich,allocation_training_race,capex_rich × allocation_training_race,9.375272960247883e+29,0.03241874999999999,1.0121752183803385e+31,6.5791389194722e+30
2040,capex_rich,allocation_rnd_acceleration,capex_rich × allocation_rnd_acceleration,1.6032855459144567e+29,0.005544000000000001,5.205472551670312e+30,2.8630099034186717e+30
2024,chip_bottleneck,allocation_base,chip_bottleneck × allocation_base,1.344461773058183e+27,0.0351,1.1491126265454554e+28,7.46923207254546e+27
2024,chip_bottleneck,allocation_inference_heavy,chip_bottleneck × allocation_inference_heavy,9.523270892495461e+26,0.024862499999999996,1.1491126265454554e+28,7.46923207254546e+27
2024,chip_bottleneck,allocation_training_race,chip_bottleneck × allocation_training_race,1.5283197933054554e+27,0.03989999999999999,1.1491126265454554e+28,8.043788385818187e+27
2024,chip_bottleneck,allocation_rnd_acceleration,chip_bottleneck × allocation_rnd_acceleration,1.344461773058183e+27,0.0351,1.1491126265454554e+28,7.46923207254546e+27
2025,chip_bottleneck,allocation_base,chip_bottleneck × allocation_base,3.36707918926119e+27,0.030703750000000005,3.180240084308089e+28,2.0406540540976905e+28
2025,chip_bottleneck,allocation_inference_heavy,chip_bottleneck × allocation_inference_heavy,2.2590914640263915e+27,0.020600222222222218,3.070576633125051e+28,1.9446985343125323e+28
2025,chip_bottleneck,allocation_training_race,chip_bottleneck × allocation_training_race,4.424189165561011e+27,0.04034333333333333,3.326458019218806e+28,2.328520613453164e+28
2025,chip_bottleneck,allocation_rnd_acceleration,chip_bottleneck × allocation_rnd_acceleration,3.318473572263844e+27,0.03026052469135803,3.1071311168527305e+28,1.993742466647169e+28
2026,chip_bottleneck,allocation_base,chip_bottleneck × allocation_base,5.930724907563785e+27,0.026600000000000002,6.242868323751352e+28,3.9538166050425227e+28
2026,chip_bottleneck,allocation_inference_heavy,chip_bottleneck × allocation_inference_heavy,3.747566604132238e+27,0.01680827777777778,5.796949157769112e+28,3.5747853139576195e+28
2026,chip_bottleneck,allocation_training_race,chip_bottleneck × allocation_training_race,9.093778191597802e+27,0.040786666666666666,6.837427211727671e+28,4.78619904820937e+28
2026,chip_bottleneck,allocation_rnd_acceleration,chip_bottleneck × allocation_rnd_acceleration,5.765459557405923e+27,0.02585876543209877,5.9455888797631924e+28,3.765539623850022e+28
2027,chip_bottleneck,allocation_base,chip_bottleneck × allocation_base,8.745760554655989e+27,0.022781250000000006,1.0365345842555244e+29,6.478341151597028e+28
2027,chip_bottleneck,allocation_inference_heavy,chip_bottleneck × allocation_inference_heavy,5.168852460154215e+27,0.013464,9.213640748937993e+28,5.528184449362796e+28
2027,chip_bottleneck,allocation_training_race,chip_bottleneck × allocation_training_race,1.5828267003279727e+28,0.041229999999999996,1.1900952634044909e+29,8.330666843831436e+28
2027,chip_bottleneck,allocation_rnd_acceleration,chip_bottleneck × allocation_rnd_acceleration,8.39784964095911e+27,0.021875000000000002,9.59754244681041e+28,5.998464029256507e+28
2028,chip_bottleneck,allocation_base,chip_bottleneck × allocation_base,1.1303438766801372e+28,0.019240000000000004,1.5274917252434284e+29,9.419532305667808e+28
2028,chip_bottleneck,allocation_inference_heavy,chip_bottleneck × allocation_inference_heavy,6.194990745936515e+27,0.010544722222222221,1.2924929982829007e+29,7.539542489983588e+28
2028,chip_bottleneck,allocation_training_race,chip_bottleneck × allocation_training_race,2.4482950703837616e+28,0.04167333333333333,1.8408233611907985e+29,1.2885763528335588e+29
2028,chip_bottleneck,allocation_rnd_acceleration,chip_bottleneck × allocation_rnd_acceleration,1.0745244259798834e+28,0.01828987654320988,1.3708259072697434e+29,8.453426428163419e+28
2029,chip_bottleneck,allocation_base,chip_bottleneck × allocation_base,1.3773219892547908e+28,0.01596875,2.156277086895954e+29,1.3117352278617053e+29
2029,chip_bottleneck,allocation_inference_heavy,chip_bottleneck × allocation_inference_heavy,6.924045312365897e+27,0.008027777777777778,1.725021669516763e+29,9.775122793928323e+28
2029,chip_bottleneck,allocation_training_race,chip_bottleneck × allocation_training_race,3.6326081323907172e+28,0.04211666666666666,2.7312843100682083e+29,1.911899017047746e+29
2029,chip_bottleneck,allocation_rnd_acceleration,chip_bottleneck × allocation_rnd_acceleration,1.3010470148939432e+28,0.015084413580246911,1.868773475309827e+29,1.1368371974801446e+29
2030,chip_bottleneck,allocation_base,chip_bottleneck × allocation_base,1.519818268078256e+28,0.01296,2.8144782742189927e+29,1.6886869645313955e+29
2030,chip_bottleneck,allocation_inference_heavy,chip_bottleneck × allocation_inference_heavy,6.907785114286242e+27,0.005890500000000002,2.1108587056642447e+29,1.1609722881153346e+29
2030,chip_bottleneck,allocation_training_race,chip_bottleneck × allocation_training_race,4.991008139615014e+28,0.04256,3.752637698958657e+29,2.62684638927106e+29
2030,chip_bottleneck,allocation_rnd_acceleration,chip_bottleneck × allocation_rnd_acceleration,1.4353839198516863e+28,0.01224,2.3453985618491608e+29,1.4072391371094965e+29
2031,chip_bottleneck,allocation_base,chip_bottleneck × allocation_base,1.769432594027442e+28,0.01183803075,3.497602225796055e+29,2.0810733243486527e+29
2031,chip_bottleneck,allocation_inference_heavy,chip_bottleneck × allocation_inference_heavy,7.814121378065912e+27,0.005227879800000001,2.5708871061406897e+29,1.401133472846676e+29
2031,chip_bottleneck,allocation_training_race,chip_bottleneck × allocation_training_race,6.2158439489578e+28,0.04158584625,4.827886833043273e+29,3.3553813489650746e+29
2031,chip_bottleneck,allocation_rnd_acceleration,chip_bottleneck × allocation_rnd_acceleration,1.7111625409456792e+28,0.011448186749999997,2.959509575673585e+29,1.760908197525783e+29
2032,chip_bottleneck,allocation_base,chip_bottleneck × allocation_base,1.9902233076206633e+28,0.010775052,4.21131066594863e+29,2.4846732929096916e+29
2032,chip_bottleneck,allocation_inference_heavy,chip_bottleneck × allocation_inference_heavy,8.519047047271698e+27,0.0046122048,3.029188373752524e+29,1.635761721826363e+29
2032,chip_bottleneck,allocation_training_race,chip_bottleneck × allocation_training_race,7.499396751154672e+28,0.04060167,6.021435425873919e+29,4.154790443853004e+29
2032,chip_bottleneck,allocation_rnd_acceleration,chip_bottleneck × allocation_rnd_acceleration,1.9736152282417406e+28,0.010685136,3.6202495198505776e+29,2.1359472167118405e+29
2033,chip_bottleneck,allocation_base,chip_bottleneck × allocation_base,2.186050754092445e+28,0.009769470749999998,4.967549213538746e+29,2.906016289920166e+29
2033,chip_bottleneck,allocation_inference_heavy,chip_bottleneck × allocation_inference_heavy,9.044447732449973e+27,0.004041967800000001,3.490710258162362e+29,1.867529988116864e+29
2033,chip_bottleneck,allocation_training_race,chip_bottleneck × allocation_training_race,8.862801184030846e+28,0.039607898749999995,7.361818429073188e+29,5.042845623915133e+29
2033,chip_bottleneck,allocation_rnd_acceleration,chip_bottleneck × allocation_rnd_acceleration,2.226499359208902e+28,0.009950235750000001,4.34101147489422e+29,2.5394917128131187e+29
2034,chip_bottleneck,allocation_base,chip_bottleneck × allocation_base,2.35171070572848e+28,0.008819712,5.759479588872649e+29,3.340498161546136e+29
2034,chip_bottleneck,allocation_inference_heavy,chip_bottleneck × allocation_inference_heavy,9.374301763236791e+27,0.003515680800000001,3.946310088672e+29,2.0915443469961603e+29
2034,chip_bottleneck,allocation_training_race,chip_bottleneck × allocation_training_race,1.0293725886539121e+29,0.038604959999999994,8.852533442156109e+29,6.019722740666153e+29
2034,chip_bottleneck,allocation_rnd_acceleration,chip_bottleneck × allocation_rnd_acceleration,2.4645453102962606e+28,0.00924288,5.119537412331243e+29,2.969331699152121e+29
2035,chip_bottleneck,allocation_base,chip_bottleneck × allocation_base,2.481539446228983e+28,0.007924218750000002,6.576336420648235e+29,3.781393441872735e+29
2035,chip_bottleneck,allocation_inference_heavy,chip_bottleneck × allocation_inference_heavy,9.494585707310889e+27,0.0030318750000000003,4.384224280432157e+29,2.3017177472268824e+29
2035,chip_bottleneck,allocation_training_race,chip_bottleneck × allocation_training_race,1.1772669745526065e+29,0.03759328124999999,1.0490822385319802e+30,7.081305110090867e+29
2035,chip_bottleneck,allocation_rnd_acceleration,chip_bottleneck × allocation_rnd_acceleration,2.6814130995851123e+28,0.00856246875,5.950018666300784e+29,3.42126073312295e+29
2036,chip_bottleneck,allocation_base,chip_bottleneck × allocation_base,2.569527032332946e+28,0.007081452,7.402203878469005e+29,4.219256210727333e+29
2036,chip_bottleneck,allocation_inference_heavy,chip_bottleneck × allocation_inference_heavy,9.394633325248632e+27,0.0025891008000000007,4.789661333127004e+29,2.4906238932260423e+29
2036,chip_bottleneck,allocation_training_race,chip_bottleneck × allocation_training_race,1.3270732798351551e+29,0.036573289999999994,1.2264435837855508e+30,8.217172011363191e+29
2036,chip_bottleneck,allocation_rnd_acceleration,chip_bottleneck × allocation_rnd_acceleration,2.8695906063782025e+28,0.007908408000000002,6.821638868393005e+29,3.888334154984014e+29
2037,chip_bottleneck,allocation_base,chip_bottleneck × allocation_base,2.644282489396305e+28,0.00628989075,8.323959091029814e+29,4.7030368864318454e+29
2037,chip_bottleneck,allocation_inference_heavy,chip_bottleneck × allocation_inference_heavy,9.18968362785091e+27,0.0021859277999999997,5.2129844812509954e+29,2.6846870078442627e+29
2037,chip_bottleneck,allocation_training_race,chip_bottleneck × allocation_training_race,1.4943362117612558e+29,0.03554541375,1.4335707323440235e+30,9.533245370087756e+29
2037,chip_bottleneck,allocation_rnd_acceleration,chip_bottleneck × allocation_rnd_acceleration,3.0605725119801663e+28,0.0072801097499999995,7.819476721876492e+29,4.4180043478602185e+29
2038,chip_bottleneck,allocation_base,chip_bottleneck × allocation_base,2.7021275718894913e+28,0.0055480320000000005,9.351216680126976e+29,5.236681340871107e+29
2038,chip_bottleneck,allocation_inference_heavy,chip_bottleneck × allocation_inference_heavy,8.868775722578377e+27,0.0018209448000000004,5.649693410910048e+29,2.8813436395641248e+29
2038,chip_bottleneck,allocation_training_race,chip_bottleneck × allocation_training_race,1.6807876860860226e+29,0.03451008,1.675426321856083e+30,1.1057813724250149e+30
2038,chip_bottleneck,allocation_rnd_acceleration,chip_bottleneck × allocation_rnd_acceleration,3.251979112680958e+28,0.006676992000000001,8.961582651788352e+29,5.018486285001478e+29
2039,chip_bottleneck,allocation_base,chip_bottleneck × allocation_base,2.7388772987731793e+28,0.004854390750000001,1.0494235091639693e+30,5.82430047586003e+29
2039,chip_bottleneck,allocation_inference_heavy,chip_bottleneck × allocation_inference_heavy,8.422243159434973e+27,0.0014927598,6.093426827403693e+29,3.077180547838865e+29
2039,chip_bottleneck,allocation_training_race,chip_bottleneck × allocation_training_race,1.8882692597193006e+29,0.033467716249999994,1.9577954713972973e+30,1.2823560337652298e+30
2039,chip_bottleneck,allocation_rnd_acceleration,chip_bottleneck × allocation_rnd_acceleration,3.440799446444569e+28,0.006098478750000001,1.0268552616550667e+30,5.699046702185621e+29
2040,chip_bottleneck,allocation_base,chip_bottleneck × allocation_base,2.749807253652417e+28,0.0042075,1.1763881299047773e+30,6.470134714476276e+29
2040,chip_bottleneck,allocation_inference_heavy,chip_bottleneck × allocation_inference_heavy,7.842587532698516e+27,0.0012000000000000001,6.535489610582097e+29,3.2677448052910485e+29
2040,chip_bottleneck,allocation_training_race,chip_bottleneck × allocation_training_race,2.118724038130583e+29,0.032418749999999996,2.2874213637037336e+30,1.486823886407427e+30
2040,chip_bottleneck,allocation_rnd_acceleration,chip_bottleneck × allocation_rnd_acceleration,3.6232754401067154e+28,0.005544000000000002,1.1763881299047773e+30,6.470134714476276e+29
2024,power_datacenter_bottleneck,allocation_base,power_datacenter_bottleneck × allocation_base,1.2269458551168e+27,0.0351,1.0486716710399999e+28,6.81636586176e+27
2024,power_datacenter_bottleneck,allocation_inference_heavy,power_datacenter_bottleneck × allocation_inference_heavy,8.690866473743999e+26,0.0248625,1.0486716710399999e+28,6.81636586176e+27
2024,power_datacenter_bottleneck,allocation_training_race,power_datacenter_bottleneck × allocation_training_race,1.3947333224832e+27,0.0399,1.0486716710399999e+28,7.340701697279999e+27
2024,power_datacenter_bottleneck,allocation_rnd_acceleration,power_datacenter_bottleneck × allocation_rnd_acceleration,1.2269458551168e+27,0.0351,1.0486716710399999e+28,6.81636586176e+27
2025,power_datacenter_bottleneck,allocation_base,power_datacenter_bottleneck × allocation_base,3.1168921841101656e+27,0.030703750000000002,2.94393594721149e+28,1.889025566127373e+28
2025,power_datacenter_bottleneck,allocation_inference_heavy,power_datacenter_bottleneck × allocation_inference_heavy,2.0912322317429291e+27,0.020600222222222214,2.8424209145490247e+28,1.8001999125477155e+28
2025,power_datacenter_bottleneck,allocation_training_race,power_datacenter_bottleneck × allocation_training_race,4.095454801046054e+27,0.040343333333333335,3.0792893240947772e+28,2.155502526866344e+28
2025,power_datacenter_bottleneck,allocation_rnd_acceleration,power_datacenter_bottleneck × allocation_rnd_acceleration,3.071898152426544e+27,0.030260524691358027,2.8762592587698465e+28,1.845599691043985e+28
2026,power_datacenter_bottleneck,allocation_base,power_datacenter_bottleneck × allocation_base,5.576698176498788e+27,0.026600000000000002,5.870208606840829e+28,3.717798784332525e+28
2026,power_datacenter_bottleneck,allocation_inference_heavy,power_datacenter_bottleneck × allocation_inference_heavy,3.5238606027600914e+27,0.016808277777777776,5.4509079920664845e+28,3.3613932617743322e+28
2026,power_datacenter_bottleneck,allocation_training_race,power_datacenter_bottleneck × allocation_training_race,8.550937203964807e+27,0.04078666666666666,6.429276093206623e+28,4.500493265244635e+28
2026,power_datacenter_bottleneck,allocation_rnd_acceleration,power_datacenter_bottleneck × allocation_rnd_acceleration,5.421298121492295e+27,0.025858765432098762,5.5906748636579325e+28,3.540760746983357e+28
2027,power_datacenter_bottleneck,allocation_base,power_datacenter_bottleneck × allocation_base,7.874827430260572e+27,0.022781250000000006,9.33312880623475e+28,5.833205503896719e+28
2027,power_datacenter_bottleneck,allocation_inference_heavy,power_datacenter_bottleneck × allocation_inference_heavy,4.654120231375729e+27,0.013464000000000002,8.296114494430888e+28,4.977668696658534e+28
2027,power_datacenter_bottleneck,allocation_training_race,power_datacenter_bottleneck × allocation_training_race,1.425203335855773e+28,0.04123,1.0715814555306564e+29,7.501070188714594e+28
2027,power_datacenter_bottleneck,allocation_rnd_acceleration,power_datacenter_bottleneck × allocation_rnd_acceleration,7.561562690236486e+27,0.021875,8.641785931698842e+28,5.401116207311776e+28
2028,power_datacenter_bottleneck,allocation_base,power_datacenter_bottleneck × allocation_base,8.942254911003812e+27,0.019240000000000004,1.2084128258113257e+29,7.451879092503175e+28
2028,power_datacenter_bottleneck,allocation_inference_heavy,power_datacenter_bottleneck × allocation_inference_heavy,4.900914453058091e+27,0.010544722222222221,1.0225031603018908e+29,5.964601768427696e+28
2028,power_datacenter_bottleneck,allocation_training_race,power_datacenter_bottleneck × allocation_training_race,1.9368688651657943e+28,0.04167333333333334,1.4562923798239053e+29,1.0194046658767338e+29
2028,power_datacenter_bottleneck,allocation_rnd_acceleration,power_datacenter_bottleneck × allocation_rnd_acceleration,8.500662075892511e+27,0.018289876543209876,1.0844730488050358e+29,6.687583800964387e+28
2029,power_datacenter_bottleneck,allocation_base,power_datacenter_bottleneck × allocation_base,1.0323252552519415e+28,0.01596875,1.616164783173294e+29,9.831669097637537e+28
2029,power_datacenter_bottleneck,allocation_inference_heavy,power_datacenter_bottleneck × allocation_inference_heavy,5.189684692634245e+27,0.008027777777777778,1.2929318265386352e+29,7.326613683718932e+28
2029,power_datacenter_bottleneck,allocation_training_race,power_datacenter_bottleneck × allocation_training_race,2.7226989380526094e+28,0.04211666666666666,2.0471420586861724e+29,1.4329994410803206e+29
2029,power_datacenter_bottleneck,allocation_rnd_acceleration,power_datacenter_bottleneck × allocation_rnd_acceleration,9.751559201286418e+27,0.015084413580246913,1.4006761454168549e+29,8.5207798846192e+28
2030,power_datacenter_bottleneck,allocation_base,power_datacenter_bottleneck × allocation_base,1.2285455237675377e+28,0.01296,2.275084303273218e+29,1.3650505819639308e+29
2030,power_datacenter_bottleneck,allocation_inference_heavy,power_datacenter_bottleneck × allocation_inference_heavy,5.583910036846206e+27,0.005890500000000002,1.7063132274549134e+29,9.384722751002025e+28
2030,power_datacenter_bottleneck,allocation_training_race,power_datacenter_bottleneck × allocation_training_race,4.03448283113784e+28,0.042559999999999994,3.0334457376976243e+29,2.1234120163883368e+29
2030,power_datacenter_bottleneck,allocation_rnd_acceleration,power_datacenter_bottleneck × allocation_rnd_acceleration,1.160292994669341e+28,0.01224,1.895903586061015e+29,1.137542151636609e+29
2031,power_datacenter_bottleneck,allocation_base,power_datacenter_bottleneck × allocation_base,1.337697461894274e+28,0.011838030749999999,2.644199974588342e+29,1.5732989848800634e+29
2031,power_datacenter_bottleneck,allocation_inference_heavy,power_datacenter_bottleneck × allocation_inference_heavy,5.907504117226884e+27,0.005227879800000001,1.9435999813213456e+29,1.0592619898201334e+29
2031,power_datacenter_bottleneck,allocation_training_race,power_datacenter_bottleneck × allocation_training_race,4.69920058108909e+28,0.041585846249999996,3.649899964923225e+29,2.536680475621641e+29
2031,power_datacenter_bottleneck,allocation_rnd_acceleration,power_datacenter_bottleneck × allocation_rnd_acceleration,1.2936450903176323e+28,0.011448186749999999,2.2373999784978283e+29,1.3312529872062077e+29
2032,power_datacenter_bottleneck,allocation_base,power_datacenter_bottleneck × allocation_base,1.4554516915329008e+28,0.010775052,3.0797344242004713e+29,1.817043310278278e+29
2032,power_datacenter_bottleneck,allocation_inference_heavy,power_datacenter_bottleneck × allocation_inference_heavy,6.229985041238006e+27,0.004612204800000001,2.2152475682845496e+29,1.196233686873657e+29
2032,power_datacenter_bottleneck,allocation_training_race,power_datacenter_bottleneck × allocation_training_race,5.484314069255593e+28,0.04060166999999999,4.4034799223217265e+29,3.0384011464019912e+29
2032,power_datacenter_bottleneck,allocation_rnd_acceleration,power_datacenter_bottleneck × allocation_rnd_acceleration,1.443306191511567e+28,0.010685136,2.6474909962425105e+29,1.5620196877830811e+29
2033,power_datacenter_bottleneck,allocation_base,power_datacenter_bottleneck × allocation_base,1.5823994318522073e+28,0.009769470749999998,3.595820928899245e+29,2.103555243406058e+29
2033,power_datacenter_bottleneck,allocation_inference_heavy,power_datacenter_bottleneck × allocation_inference_heavy,6.546933517647225e+27,0.0040419678,2.5267930851724427e+29,1.3518343005672569e+29
2033,power_datacenter_bottleneck,allocation_training_race,power_datacenter_bottleneck × allocation_training_race,6.415446453827578e+28,0.039607898749999995,5.328941827062395e+29,3.6503251515377406e+29
2033,power_datacenter_bottleneck,allocation_rnd_acceleration,power_datacenter_bottleneck × allocation_rnd_acceleration,1.6116786467266428e+28,0.009950235749999998,3.142293964893935e+29,1.8382419694629517e+29
2034,power_datacenter_bottleneck,allocation_base,power_datacenter_bottleneck × allocation_base,1.7191805825984732e+28,0.008819711999999999,4.210375643119302e+29,2.442017873009195e+29
2034,power_datacenter_bottleneck,allocation_inference_heavy,power_datacenter_bottleneck × allocation_inference_heavy,6.852933708010269e+27,0.0035156808,2.8848870147298918e+29,1.5289901178068427e+29
2034,power_datacenter_bottleneck,allocation_training_race,power_datacenter_bottleneck × allocation_training_race,7.525064041092357e+28,0.038604959999999994,6.471503303313001e+29,4.4006222462528404e+29
2034,power_datacenter_bottleneck,allocation_rnd_acceleration,power_datacenter_bottleneck × allocation_rnd_acceleration,1.8016665196423394e+28,0.00924288,3.742556127217157e+29,2.170682553785951e+29
2035,power_datacenter_bottleneck,allocation_base,power_datacenter_bottleneck × allocation_base,1.8664979070077032e+28,0.00792421875,4.946412672815445e+29,2.8441872868688805e+29
2035,power_datacenter_bottleneck,allocation_inference_heavy,power_datacenter_bottleneck × allocation_inference_heavy,7.1413832963773e+27,0.0030318750000000007,3.297608448543631e+29,1.731244435485406e+29
2035,power_datacenter_bottleneck,allocation_training_race,power_datacenter_bottleneck × allocation_training_race,8.854851561319773e+28,0.03759328124999999,7.890705930443685e+29,5.326226503049488e+29
2035,power_datacenter_bottleneck,allocation_rnd_acceleration,power_datacenter_bottleneck × allocation_rnd_acceleration,2.016833520742201e+28,0.008562468749999998,4.475325751594927e+29,2.5733123071670828e+29
2036,power_datacenter_bottleneck,allocation_base,power_datacenter_bottleneck × allocation_base,2.025139263451355e+28,0.007081452000000001,5.83395057601289e+29,3.3253518283273475e+29
2036,power_datacenter_bottleneck,allocation_inference_heavy,power_datacenter_bottleneck × allocation_inference_heavy,7.404257893880116e+27,0.0025891008000000003,3.774909196243635e+29,1.9629527820466903e+29
2036,power_datacenter_bottleneck,allocation_training_race,power_datacenter_bottleneck × allocation_training_race,1.045915520893071e+29,0.03657329,9.666055366139004e+29,6.476257095313134e+29
2036,power_datacenter_bottleneck,allocation_rnd_acceleration,power_datacenter_bottleneck × allocation_rnd_acceleration,2.261630461124753e+28,0.007908408000000002,5.376385824953056e+29,3.0645399202232423e+29
2037,power_datacenter_bottleneck,allocation_base,power_datacenter_bottleneck × allocation_base,2.19601297813256e+28,0.006289890750000001,6.912847725856715e+29,3.905758965109044e+29
2037,power_datacenter_bottleneck,allocation_inference_heavy,power_datacenter_bottleneck × allocation_inference_heavy,7.631811121776247e+27,0.0021859277999999997,4.3292581717486494e+29,2.2295679584505543e+29
2037,power_datacenter_bottleneck,allocation_training_race,power_datacenter_bottleneck × allocation_training_race,1.2410102656885025e+29,0.03554541375,1.1905459972308785e+30,7.917130881585342e+29
2037,power_datacenter_bottleneck,allocation_rnd_acceleration,power_datacenter_bottleneck × allocation_rnd_acceleration,2.541731824710848e+28,0.0072801097499999995,6.493887257622975e+29,3.669046300556981e+29
2038,power_datacenter_bottleneck,allocation_base,power_datacenter_bottleneck × allocation_base,2.3802051726495e+28,0.005548032000000001,8.237144146765986e+29,4.612800722188953e+29
2038,power_datacenter_bottleneck,allocation_inference_heavy,power_datacenter_bottleneck × allocation_inference_heavy,7.812179583804146e+27,0.0018209448000000002,4.97660792200445e+29,2.5380700402222693e+29
2038,power_datacenter_bottleneck,allocation_training_race,power_datacenter_bottleneck × allocation_training_race,1.4805442889397182e+29,0.03451008,1.4758216596289056e+30,9.740422953550778e+29
2038,power_datacenter_bottleneck,allocation_rnd_acceleration,power_datacenter_bottleneck × allocation_rnd_acceleration,2.8645492484793397e+28,0.006676992000000001,7.893929807317403e+29,4.4206006920977464e+29
2039,power_datacenter_bottleneck,allocation_base,power_datacenter_bottleneck × allocation_base,2.5790748703882656e+28,0.004854390750000001,9.881938859005475e+29,5.484476066748039e+29
2039,power_datacenter_bottleneck,allocation_inference_heavy,power_datacenter_bottleneck × allocation_inference_heavy,7.930839287516797e+27,0.0014927598,5.737899982648341e+29,2.8976394912374122e+29
2039,power_datacenter_bottleneck,allocation_training_race,power_datacenter_bottleneck × allocation_training_race,1.7780963749088383e+29,0.033467716249999994,1.8435660129434944e+30,1.2075357384779889e+30
2039,power_datacenter_bottleneck,allocation_rnd_acceleration,power_datacenter_bottleneck × allocation_rnd_acceleration,3.2400426957228043e+28,0.006098478750000002,9.669424044833315e+29,5.36653034488249e+29
2040,power_datacenter_bottleneck,allocation_base,power_datacenter_bottleneck × allocation_base,2.7944165692044666e+28,0.0042075,1.1954723290714294e+30,6.575097809892862e+29
2040,power_datacenter_bottleneck,allocation_inference_heavy,power_datacenter_bottleneck × allocation_inference_heavy,7.969815527142864e+27,0.0012000000000000001,6.641512939285719e+29,3.3207564696428595e+29
2040,power_datacenter_bottleneck,allocation_training_race,power_datacenter_bottleneck × allocation_training_race,2.1530954760046892e+29,0.03241875,2.3245295287500016e+30,1.5109441936875012e+30
2040,power_datacenter_bottleneck,allocation_rnd_acceleration,power_datacenter_bottleneck × allocation_rnd_acceleration,3.682054773540003e+28,0.005544,1.1954723290714294e+30,6.575097809892862e+29
